Time [min],Intensity [counts]
Chromatogram,
2.98,6443
2.98,5732
2.99,6318
3.00,5736
3.00,5877
3.01,5376
3.01,5913
3.02,7282
3.03,8599
3.03,8453
3.04,8591
3.04,8578
3.05,8205
3.06,7071
3.06,6648
3.07,6542
3.07,5937
3.08,5604
3.09,6132
3.09,5619
3.10,5124
3.10,5309
3.11,5373
3.12,4842
3.12,5377
3.13,5902
3.14,5315
3.14,6133
3.15,5004
3.15,5583
3.16,5661
3.17,10166
3.17,25531
3.18,32995
3.18,31523
3.19,23275
3.20,15164
3.20,10362
3.21,7469
3.21,6408
3.22,6831
3.23,6893
3.23,6759
3.24,7192
3.24,7368
3.25,6251
3.26,6492
3.26,5155
3.27,5757
3.27,5523
3.28,5225
3.29,4855
3.29,4293
3.30,4823
3.30,5213
3.31,5205
3.32,4716
3.32,4978
3.33,5364
3.33,4477
3.34,5473
3.35,10602
3.35,15907
3.36,19739
3.36,19799
3.37,17636
3.38,12654
3.38,9502
3.39,7579
3.39,6571
3.40,7078
3.41,6646
3.41,7274
3.42,7219
3.43,6883
3.43,5931
3.44,6135
3.44,6324
3.45,5260
3.46,5033
3.46,5000
3.47,4624
3.47,5039
3.48,4429
3.49,15848
3.49,17036
3.50,16129
3.50,14184
3.51,12366
3.52,11977
3.52,10063
3.53,9677
3.53,8390
3.54,7800
3.55,7535
3.55,6762
3.56,6042
3.56,5514
3.57,6278
3.58,5236
3.58,6678
3.59,4794
3.59,5586
3.60,6841
3.61,6579
3.61,7560
3.62,8763
3.62,8077
3.63,8530
3.64,7528
3.64,7489
3.65,6073
3.65,5522
3.66,4508
3.67,4661
3.67,4437
3.68,4180
3.68,4076
3.69,4036
3.70,3957
3.70,3969
3.71,4007
3.72,4119
3.72,4537
3.73,4227
3.73,6047
3.74,7614
3.75,9370
3.75,12761
3.76,13553
3.76,13505
3.77,13437
3.78,12206
3.78,11058
3.79,11024
3.79,9919
3.80,8600
3.81,7721
3.81,6673
3.82,5061
3.82,5072
3.83,4561
3.84,4627
3.84,4080
3.85,3602
3.85,3669
3.86,4867
3.87,5920
3.87,7577
3.88,10177
3.88,13459
3.89,13758
3.90,14908
3.90,13922
3.91,13116
3.91,12985
3.92,11846
3.93,12689
3.93,11702
3.94,9725
3.94,7515
3.95,6415
3.96,22147
3.96,60441
3.97,78908
3.97,73340
3.98,58488
3.99,42908
3.99,31064
4.00,24124
4.01,17690
4.01,13210
4.02,10350
4.02,8943
4.03,7313
4.04,7613
4.04,6978
4.05,6322
4.05,6420
4.06,6505
4.07,6299
4.07,5116
4.08,4621
4.08,4654
4.09,6538
4.10,8245
4.10,9756
4.11,10326
4.11,9435
4.12,9766
4.13,9145
4.13,8467
4.14,7791
4.14,7941
4.15,7850
4.16,8229
4.16,7239
4.17,8387
4.17,7365
4.18,8891
4.19,8350
4.19,8821
4.20,7531
4.20,8299
4.21,8387
4.22,8925
4.22,7760
4.23,8386
4.23,8615
4.24,7621
4.25,7726
4.25,7654
4.26,6721
4.26,7355
4.27,6504
4.28,6610
4.28,6120
4.29,5961
4.30,5663
4.30,5390
4.31,5028
4.31,4462
4.32,4588
4.33,4576
4.33,4246
4.34,4506
4.34,4297
4.35,4905
4.36,4440
4.36,4564
4.37,3771
4.37,5450
4.38,5381
4.39,5156
4.39,5200
4.40,5165
4.40,5615
4.41,5295
4.42,5641
4.42,5653
4.43,4877
4.43,6115
4.44,6178
4.45,6905
4.45,7847
4.46,8070
4.46,8948
4.47,9048
4.48,7846
4.48,7546
4.49,6496
4.49,5611
4.50,5109
4.51,5144
4.51,4725
4.52,5260
4.52,5178
4.53,4391
4.54,4380
4.54,5483
4.55,6220
4.55,6981
4.56,6824
4.57,8279
4.57,10931
4.58,13338
4.59,17051
4.59,16546
4.60,15409
4.60,14180
4.61,13107
4.62,11555
4.62,10961
4.63,10818
4.63,11730
4.64,11812
4.65,12370
4.65,12958
4.66,13260
4.66,8953
4.67,6863
4.68,7720
4.68,8381
4.69,7069
4.69,7121
4.70,6940
4.71,6118
4.71,5806
4.72,5893
4.72,4412
4.73,5129
4.74,4627
4.74,4407
4.75,4193
4.75,4258
4.76,5519
4.77,4883
4.77,5836
4.78,7403
4.78,8015
4.79,9000
4.80,9454
4.80,9388
4.81,10091
4.81,8347
4.82,6746
4.83,5750
4.83,4764
4.84,4148
4.84,3645
4.85,3543
4.86,3500
4.86,3570
4.87,3612
4.88,3130
4.88,3713
4.89,3915
4.89,3837
4.90,3937
4.91,4841
4.91,4276
4.92,4374
4.92,4325
4.93,4500
4.94,4385
4.94,4420
4.95,4112
4.95,5558
4.96,5707
4.97,6764
4.97,6181
4.98,5806
4.98,4892
4.99,4436
5.00,4468
5.00,4160
5.01,3806
5.01,3374
5.02,3729
5.03,4116
5.03,3239
5.04,3013
5.04,3227
5.05,3424
5.06,3404
5.06,3866
5.07,4040
5.07,3275
5.08,4072
5.09,3454
5.09,3333
5.10,3737
5.10,3133
5.11,2985
5.12,3252
5.12,3227
5.13,2604
5.13,2976
5.14,3030
5.15,3272
5.15,3458
5.16,3736
5.17,3041
5.17,3880
5.18,4336
5.18,4432
5.19,4929
5.20,3957
5.20,4124
5.21,4030
5.21,3723
5.22,3328
5.23,3840
5.23,4361
5.24,4480
5.24,4881
5.25,4376
5.26,4480
5.26,4922
5.27,4052
5.27,3530
5.28,3200
5.29,3327
5.29,3041
5.30,2858
5.30,3487
5.31,3026
5.32,2945
5.32,2776
5.33,2508
5.33,2749
5.34,3094
5.35,3163
5.35,2731
5.36,2831
5.36,3220
5.37,3212
5.38,3399
5.38,3987
5.39,3796
5.39,5274
5.40,5644
5.41,6299
5.41,5599
5.42,5833
5.43,4670
5.43,4059
5.44,3853
5.44,3162
5.45,3408
5.46,3263
5.46,3034
5.47,3954
5.47,3104
5.48,3081
5.49,3328
5.49,3414
5.50,3326
5.50,3292
5.51,3628
5.52,3577
5.52,3726
5.53,3118
5.53,3115
5.54,3217
5.55,2948
5.55,3371
5.56,2885
5.56,3083
5.57,2806
5.58,2606
5.58,3136
5.59,2847
5.59,2476
5.60,3031
5.61,2831
5.61,2383
5.62,3502
5.62,3730
5.63,4136
5.64,5151
5.64,4657
5.65,4810
5.65,4500
5.66,4885
5.67,4538
5.67,3998
5.68,3922
5.68,3505
5.69,3051
5.70,3714
5.70,3433
5.71,2518
5.72,3507
5.72,3372
5.73,3231
5.73,3255
5.74,2965
5.75,3022
5.75,2893
5.76,3786
5.76,4042
5.77,4515
5.78,3802
5.78,4238
5.79,3577
5.79,3625
5.80,2873
5.81,2807
5.81,2581
5.82,2873
5.82,2903
5.83,2744
5.84,2822
5.84,2974
5.85,2600
5.85,2719
5.86,2550
5.87,2591
5.87,2694
5.88,2622
5.88,2927
5.89,2136
5.90,2532
5.90,2784
5.91,2666
5.91,2711
5.92,2573
5.93,2488
5.93,2918
5.94,2496
5.94,2429
5.95,2856
5.96,2574
5.96,2748
5.97,3009
5.97,3279
5.98,2898
5.99,2232
5.99,2861
6.00,2727
6.01,2664
6.01,2685
6.02,2873
6.02,3098
6.03,3041
6.04,5152
6.04,6137
6.05,7584
6.05,8073
6.06,7302
6.07,6515
6.07,13553
6.08,47938
6.08,86096
6.09,110970
6.10,126763
6.10,127350
6.11,116799
6.11,100018
6.12,80863
6.13,64613
6.13,50745
6.14,37454
6.14,27821
6.15,23105
6.16,16494
6.16,14226
6.17,10820
6.17,9429
6.18,8856
6.19,7469
6.19,6210
6.20,5865
6.20,5145
6.21,5650
6.22,5284
6.22,5063
6.23,4352
6.23,4827
6.24,4315
6.25,4370
6.25,4432
6.26,4568
6.26,4803
6.27,5014
6.28,4166
6.28,4792
6.29,4067
6.30,3931
6.30,4120
6.31,3527
6.31,3226
6.32,3569
6.33,3031
6.33,2833
6.34,2616
6.34,2570
6.35,2895
6.36,3047
6.36,3652
6.37,3680
6.37,4508
6.38,4639
6.39,4383
6.39,4399
6.40,3488
6.40,3125
6.41,3131
6.42,2374
6.42,2925
6.43,2417
6.43,2577
6.44,2519
6.45,2430
6.45,2368
6.46,3114
6.46,3488
6.47,3619
6.48,2643
6.48,3011
6.49,3059
6.49,3605
6.50,2732
6.51,3864
6.51,4283
6.52,3413
6.52,3577
6.53,3642
6.54,3137
6.54,2977
6.55,2380
6.55,2875
6.56,2454
6.57,2153
6.57,2569
6.58,2834
6.59,2494
6.59,2793
6.60,2611
6.60,2566
6.61,2903
6.62,3321
6.62,2338
6.63,2863
6.63,3482
6.64,3074
6.65,3845
6.65,3250
6.66,3428
6.66,3284
6.67,3468
6.68,3603
6.68,3038
6.69,3833
6.69,2733
6.70,2337
6.71,2808
6.71,2340
6.72,2338
6.72,2436
6.73,3904
6.74,6413
6.74,10537
6.75,14097
6.75,18553
6.76,18795
6.77,18238
6.77,16925
6.78,14488
6.78,10674
6.79,9275
6.80,7165
6.80,4688
6.81,4903
6.81,4341
6.82,3518
6.83,3307
6.83,3239
6.84,2600
6.84,2916
6.85,3004
6.86,3477
6.86,2848
6.87,2725
6.88,3273
6.88,2208
6.89,2293
6.89,2173
6.90,2151
6.91,2373
6.91,3026
6.92,5748
6.92,8122
6.93,8952
6.94,9894
6.94,9037
6.95,8580
6.95,7452
6.96,6264
6.97,5016
6.97,4707
6.98,5262
6.98,3876
6.99,3554
7.00,3182
7.00,3197
7.01,3333
7.01,3002
7.02,3090
7.03,2665
7.03,3422
7.04,2922
7.04,6300
7.05,14931
7.06,31903
7.06,58036
7.07,84765
7.07,104310
7.08,109607
7.09,101640
7.09,87065
7.10,67284
7.10,48579
7.11,35726
7.12,28144
7.12,21293
7.13,15820
7.13,13005
7.14,13422
7.15,11928
7.15,11757
7.16,11997
7.17,12006
7.17,12367
7.18,11127
7.18,10068
7.19,9035
7.20,9017
7.20,7708
7.21,7682
7.21,7275
7.22,6677
7.23,5684
7.23,5634
7.24,4599
7.24,4273
7.25,4054
7.26,4231
7.26,3604
7.27,3999
7.27,4049
7.28,3534
7.29,2695
7.29,4058
7.30,3689
7.30,2744
7.31,3346
7.32,2931
7.32,4154
7.33,5542
7.33,4587
7.34,4812
7.35,4620
7.35,3474
7.36,3440
7.36,3411
7.37,3990
7.38,4044
7.38,3671
7.39,3036
7.39,3491
7.40,3841
7.41,3531
7.41,3779
7.42,2980
7.42,2692
7.43,2793
7.44,2902
7.44,3156
7.45,2604
7.46,3389
7.46,3009
7.47,2991
7.47,3373
7.48,2629
7.49,2804
7.49,2890
7.50,2825
7.50,2762
7.51,3113
7.52,2249
7.52,3442
7.53,2960
7.53,2691
7.54,3013
7.55,3219
7.55,2861
7.56,4436
7.56,3724
7.57,4261
7.58,3843
7.58,4231
7.59,3766
7.59,3722
7.60,3520
7.61,3587
7.61,2834
7.62,3142
7.62,2970
7.63,2765
7.64,2972
7.64,2831
7.65,3110
7.65,3222
7.66,2232
7.67,2507
7.67,3535
7.68,2950
7.68,3358
7.69,4319
7.70,10628
7.70,26868
7.71,40663
7.71,44824
7.72,40354
7.73,37104
7.73,31575
7.74,27217
7.75,20959
7.75,17286
7.76,14309
7.76,11666
7.77,10096
7.78,9174
7.78,6483
7.79,5993
7.79,4757
7.80,4588
7.81,3934
7.81,3969
7.82,3059
7.82,3612
7.83,3161
7.84,3038
7.84,2772
7.85,2937
7.85,3409
7.86,2809
7.87,2950
7.87,3149
7.88,2811
7.88,3069
7.89,2733
7.90,2863
7.90,2858
7.91,2777
7.91,2835
7.92,2653
7.93,2432
7.93,2700
7.94,2581
7.94,2954
7.95,2829
7.96,2877
7.96,2535
7.97,2140
7.97,3055
7.98,2548
7.99,2665
7.99,3042
8.00,2849
8.00,2753
8.01,3353
8.02,3331
8.02,3087
8.03,2615
8.04,2324
8.04,2898
8.05,2476
8.05,3369
8.06,3010
8.07,3037
8.07,2993
8.08,3331
8.08,3326
8.09,2966
8.10,3269
8.10,3707
8.11,3238
8.11,3238
8.12,3584
8.13,3992
8.13,3225
8.14,3100
8.14,2365
8.15,2732
8.16,2550
8.16,3237
8.17,3260
8.17,3401
8.18,3613
8.19,3339
8.19,3020
8.20,3630
8.20,3414
8.21,3761
8.22,3874
8.22,3167
8.23,3418
8.23,2881
8.24,2813
8.25,3139
8.25,3049
8.26,3378
8.26,3098
8.27,2879
8.28,2604
8.28,2375
8.29,2712
8.29,2436
8.30,2914
8.31,2267
8.31,2271
8.32,2558
8.33,2360
8.33,3253
8.34,2978
8.34,3006
8.35,3659
8.36,4391
8.36,3221
8.37,3760
8.37,2515
8.38,3158
8.39,2671
8.39,2791
8.40,2812
8.40,2638
8.41,2842
8.42,2328
8.42,2590
8.43,2645
8.43,2988
8.44,2756
8.45,2752
8.45,2225
8.46,2018
8.46,2299
8.47,2746
8.48,2193
8.48,2774
8.49,2723
8.49,2491
8.50,2455
8.51,3597
8.51,3565
8.52,3283
8.52,3387
8.53,2799
8.54,2639
8.54,2992
8.55,3262
8.55,2865
8.56,3292
8.57,3515
8.57,2734
8.58,2562
8.58,2638
8.59,2770
8.60,2289
8.60,2512
8.61,2262
8.62,2639
8.62,2971
8.63,2558
8.63,2691
8.64,1952
8.65,2416
8.65,2447
8.66,1997
8.66,1913
8.67,2599
8.68,2533
8.68,2409
8.69,2501
8.69,2563
8.70,2053
8.71,2353
8.71,2648
8.72,2727
8.72,2369
8.73,2729
8.74,2483
8.74,2917
8.75,2890
8.75,2903
8.76,2855
8.77,2730
8.77,2662
8.78,2327
8.78,2369
8.79,2444
8.80,2769
8.80,2199
8.81,2633
8.81,2589
8.82,3143
8.83,3755
8.83,4665
8.84,6037
8.84,6204
8.85,6672
8.86,5984
8.86,5327
8.87,4527
8.87,4027
8.88,3541
8.89,3707
8.89,3241
8.90,3741
8.91,2581
8.91,2436
8.92,2564
8.92,2838
8.93,2756
8.94,2377
8.94,2611
8.95,3050
8.95,2952
8.96,2636
8.97,2075
8.97,2675
8.98,2516
8.98,3159
8.99,3750
9.00,4256
9.00,4354
9.01,4583
9.01,4713
9.02,4288
9.03,3426
9.03,3467
9.04,2950
9.04,2461
9.05,3391
9.06,5446
9.06,8941
9.07,13669
9.07,14641
9.08,16757
9.09,14898
9.09,13756
9.10,10040
9.10,8988
9.11,7280
9.12,5826
9.12,5029
9.13,3982
9.13,3613
9.14,3448
9.15,2909
9.15,3151
9.16,2952
9.16,2934
9.17,3225
9.18,2492
9.18,2507
9.19,2497
9.20,2303
9.20,2187
9.21,2213
9.21,2194
9.22,2449
9.23,2308
9.23,2642
9.24,1893
9.24,1932
9.25,2250
9.26,2093
9.26,2154
9.27,2433
9.27,2769
9.28,3022
9.29,5648
9.29,9705
9.30,16767
9.30,22706
9.31,25712
9.32,23954
9.32,20097
9.33,16023
9.33,12580
9.34,20415
9.35,32504
9.35,39571
9.36,39929
9.36,36263
9.37,30667
9.38,28278
9.38,23641
9.39,19760
9.39,17271
9.40,15875
9.41,12991
9.41,11010
9.42,11051
9.42,10083
9.43,10290
9.44,11714
9.44,14980
9.45,17374
9.46,19875
9.46,20345
9.47,18767
9.47,20323
9.48,19637
9.49,20342
9.49,19269
9.50,17659
9.50,17820
9.51,14326
9.52,12078
9.52,9402
9.53,8342
9.53,6637
9.54,5960
9.55,4896
9.55,4944
9.56,4637
9.56,4501
9.57,5439
9.58,5768
9.58,5887
9.59,5327
9.59,4511
9.60,4849
9.61,5136
9.61,4806
9.62,4602
9.62,4712
9.63,3957
9.64,3411
9.64,3714
9.65,3949
9.65,3591
9.66,3976
9.67,3185
9.67,2820
9.68,2842
9.68,3630
9.69,2826
9.70,2809
9.70,3169
9.71,3017
9.71,2122
9.72,2494
9.73,2704
9.73,2334
9.74,3820
9.75,3952
9.75,5231
9.76,5655
9.76,5767
9.77,4882
9.78,5052
9.78,4792
9.79,5207
9.79,4708
9.80,4090
9.81,4910
9.81,4393
9.82,6282
9.82,9437
9.83,15285
9.84,21805
9.84,27759
9.85,30432
9.85,30585
9.86,28786
9.87,25177
9.87,20815
9.88,19170
9.88,15424
9.89,12761
9.90,10254
9.90,10082
9.91,8371
9.91,8244
9.92,7349
9.93,7358
9.93,6828
9.94,6458
9.94,5789
9.95,6027
9.96,5445
9.96,5825
9.97,5088
9.97,4803
9.98,5698
9.99,5190
9.99,4692
10.00,4318
10.00,4969
10.01,3972
10.02,4374
10.02,4235
10.03,3475
10.04,3522
10.04,3675
10.05,3983
10.05,3034
10.06,2979
10.07,3788
10.07,2983
10.08,3486
10.08,2979
10.09,3011
10.10,3520
10.10,3239
10.11,3130
10.11,4550
10.12,4754
10.13,4895
10.13,5892
10.14,5571
10.14,5162
10.15,4595
10.16,5635
10.16,6101
10.17,5480
10.17,6399
10.18,6357
10.19,4342
10.19,4769
10.20,3967
10.20,3536
10.21,2827
10.22,3150
10.22,2625
10.23,2617
10.23,2842
10.24,3199
10.25,2523
10.25,2882
10.26,2878
10.26,3018
10.27,2549
10.28,2351
10.28,2174
10.29,3135
10.29,2705
10.30,2819
10.31,2783
10.31,3205
10.32,2787
10.33,2601
10.33,2892
10.34,3756
10.34,2797
10.35,2944
10.36,2586
10.36,2730
10.37,2849
10.37,2932
10.38,2648
10.39,3163
10.39,3537
10.40,2767
10.40,2348
10.41,2622
10.42,2486
10.42,2931
10.43,2498
10.43,2155
10.44,2780
10.45,2617
10.45,2911
10.46,2696
10.46,3483
10.47,3052
10.48,3611
10.48,3134
10.49,3800
10.49,2001
10.50,3010
10.51,2346
10.51,2513
10.52,2136
10.52,2507
10.53,2704
10.54,2449
10.54,2707
10.55,2582
10.55,2811
10.56,2398
10.57,2296
10.57,2341
10.58,2629
10.58,2979
10.59,3462
10.60,4058
10.60,4706
10.61,5367
10.62,6133
10.62,6767
10.63,6554
10.63,7237
10.64,6129
10.65,5971
10.65,5286
10.66,5204
10.66,4002
10.67,2641
10.68,2973
10.68,2444
10.69,1985
10.69,1948
10.70,2401
10.71,2321
10.71,2054
10.72,2339
10.72,1988
10.73,2536
10.74,2131
10.74,1737
10.75,2134
10.75,1992
10.76,2520
10.77,2079
10.77,2105
10.78,2313
10.78,2801
10.79,3207
10.80,4129
10.80,3605
10.81,3793
10.81,3643
10.82,4321
10.83,4368
10.83,3729
10.84,3216
10.84,3159
10.85,2876
10.86,3033
10.86,3364
10.87,3822
10.87,2944
10.88,3085
10.89,3361
10.89,3256
10.90,2660
10.91,3939
10.91,3679
10.92,4220
10.92,2962
10.93,2703
10.94,2790
10.94,2553
10.95,3229
10.95,3208
10.96,3075
10.97,2976
10.97,2758
10.98,2674
10.98,2960
10.99,2357
11.00,2541
11.00,2424
11.01,2712
11.01,2240
11.02,2153
11.03,2567
11.03,2645
11.04,2509
11.04,1875
11.05,2238
11.06,2323
11.06,2049
11.07,2008
11.07,2127
11.08,2482
11.09,2334
11.09,2085
11.10,2852
11.10,2391
11.11,1936
11.12,2062
11.12,2141
11.13,2536
11.13,2552
11.14,2433
11.15,2838
11.15,2408
11.16,2850
11.16,3847
11.17,4478
11.18,4837
11.18,5780
11.19,5021
11.20,4482
11.20,4582
11.21,5027
11.21,4833
11.22,5560
11.23,6098
11.23,5159
11.24,4972
11.24,4515
11.25,3712
11.26,3276
11.26,2713
11.27,2446
11.27,3240
11.28,2410
11.29,2922
11.29,2480
11.30,2327
11.30,2501
11.31,2761
11.32,2812
11.32,3888
11.33,4447
11.33,6158
11.34,9252
11.35,11639
11.35,14839
11.36,17422
11.36,18987
11.37,17293
11.38,16122
11.38,13279
11.39,10682
11.39,7041
11.40,4731
11.41,4246
11.41,3065
11.42,2578
11.42,3118
11.43,2140
11.44,2224
11.44,2529
11.45,2195
11.45,2581
11.46,2349
11.47,2495
11.47,2486
11.48,2808
11.49,2467
11.49,2134
11.50,2926
11.50,2695
11.51,2515
11.52,2474
11.52,2153
11.53,2944
11.53,2674
11.54,4296
11.55,5489
11.55,11898
11.56,17313
11.56,22704
11.57,26496
11.58,24819
11.58,22183
11.59,18915
11.59,15713
11.60,12173
11.61,11039
11.61,7909
11.62,7141
11.62,6235
11.63,5628
11.64,4525
11.64,4213
11.65,4219
11.65,4074
11.66,3744
11.67,3104
11.67,2822
11.68,2895
11.68,2180
11.69,2666
11.70,2942
11.70,2441
11.71,3838
11.71,4718
11.72,7672
11.73,8316
11.73,9190
11.74,10301
11.74,8924
11.75,8033
11.76,5970
11.76,5316
11.77,3775
11.78,3169
11.78,2614
11.79,2407
11.79,2615
11.80,2240
11.81,2220
11.81,3027
11.82,2761
11.82,3452
11.83,3557
11.84,3327
11.84,3303
11.85,4048
11.85,4980
11.86,6307
11.87,7395
11.87,10547
11.88,11200
11.88,10659
11.89,10122
11.90,7933
11.90,7626
11.91,5371
11.91,4632
11.92,3601
11.93,3267
11.93,3385
11.94,2610
11.94,3654
11.95,3360
11.96,3458
11.96,2727
11.97,3651
11.97,2170
11.98,2569
11.99,1738
11.99,2433
12.00,2662
12.00,2447
12.01,2042
12.02,2494
12.02,2048
12.03,1816
12.03,2156
12.04,2272
12.05,2177
12.05,2235
12.06,1789
12.07,2336
12.07,2281
12.08,2028
12.08,1899
12.09,2433
12.10,2417
12.10,2678
12.11,2103
12.11,3005
12.12,3102
12.13,3945
12.13,4870
12.14,7356
12.14,8123
12.15,7835
12.16,9243
12.16,7960
12.17,6005
12.17,5231
12.18,5224
12.19,4708
12.19,4394
12.20,5369
12.20,6522
12.21,8603
12.22,9139
12.22,7879
12.23,7879
12.23,7485
12.24,6707
12.25,5994
12.25,5640
12.26,4644
12.26,3616
12.27,3808
12.28,3980
12.28,3941
12.29,3306
12.29,3912
12.30,2344
12.31,2591
12.31,3030
12.32,3107
12.32,3166
12.33,3379
12.34,3421
12.34,3585
12.35,3100
12.36,3240
12.36,3771
12.37,3553
12.37,3438
12.38,3540
12.39,2861
12.39,3186
12.40,2844
12.40,2831
12.41,2514
12.42,2467
12.42,2339
12.43,2078
12.43,2332
12.44,2529
12.45,2457
12.45,2670
12.46,2660
12.46,2441
12.47,2790
12.48,2982
12.48,3003
12.49,2603
12.49,2611
12.50,2743
12.51,2474
12.51,2716
12.52,3426
12.52,2671
12.53,2122
12.54,2583
12.54,2643
12.55,2590
12.55,2636
12.56,2255
12.57,2377
12.57,2477
12.58,2364
12.58,2468
12.59,2350
12.60,2738
12.60,2479
12.61,2363
12.61,2948
12.62,1969
12.63,2361
12.63,2416
12.64,2037
12.65,2859
12.65,4446
12.66,5536
12.66,9084
12.67,11735
12.68,16075
12.68,18663
12.69,18187
12.69,18982
12.70,17218
12.71,16149
12.71,15035
12.72,13452
12.72,12287
12.73,11768
12.74,12040
12.74,13357
12.75,13269
12.75,13876
12.76,12913
12.77,12300
12.77,12076
12.78,11854
12.78,10419
12.79,11197
12.80,9664
12.80,10207
12.81,9505
12.81,7858
12.82,6984
12.83,6626
12.83,6191
12.84,5044
12.84,5732
12.85,5003
12.86,5120
12.86,5126
12.87,5488
12.87,4325
12.88,5517
12.89,4562
12.89,4968
12.90,5325
12.90,3934
12.91,3572
12.92,4057
12.92,3860
12.93,3850
12.94,4514
12.94,4223
12.95,3935
12.95,3703
12.96,4247
12.97,3892
12.97,3591
12.98,3831
12.98,4299
12.99,4910
13.00,5456
13.00,7584
13.01,7533
13.01,8198
13.02,8222
13.03,8495
13.03,7386
13.04,6835
13.04,7093
13.05,5493
13.06,5440
13.06,4885
13.07,4890
13.07,4300
13.08,5073
13.09,8709
13.09,11144
13.10,12602
13.10,12752
13.11,12103
13.12,10156
13.12,9322
13.13,9735
13.13,8318
13.14,8061
13.15,7402
13.15,6434
13.16,6603
13.16,5993
13.17,6437
13.18,6170
13.18,7084
13.19,8347
13.19,9706
13.20,11870
13.21,11378
13.21,10777
13.22,10605
13.23,9230
13.23,8482
13.24,6373
13.24,6179
13.25,6115
13.26,4969
13.26,4418
13.27,5231
13.27,4255
13.28,4333
13.29,4338
13.29,3470
13.30,4403
13.30,3862
13.31,3982
13.32,3678
13.32,3346
13.33,3011
13.33,3393
13.34,3929
13.35,3202
13.35,2911
13.36,3200
13.36,3844
13.37,3190
13.38,2928
13.38,2522
13.39,3466
13.39,3056
13.40,3131
13.41,3203
13.41,4658
13.42,8049
13.42,16634
13.43,31267
13.44,50779
13.44,67810
13.45,75583
13.45,78340
13.46,69475
13.47,59212
13.47,48744
13.48,34388
13.48,26207
13.49,18878
13.50,14120
13.50,10101
13.51,7169
13.52,6125
13.52,4977
13.53,5204
13.53,4298
13.54,4859
13.55,5386
13.55,6111
13.56,6638
13.56,6805
13.57,6914
13.58,7009
13.58,5602
13.59,6037
13.59,4972
13.60,5068
13.61,4348
13.61,4344
13.62,3698
13.62,4506
13.63,4167
13.64,4294
13.64,4601
13.65,4358
13.65,3897
13.66,3723
13.67,3147
13.67,3391
13.68,2706
13.68,3592
13.69,3463
13.70,3024
13.70,3274
13.71,2741
13.71,3029
13.72,2933
13.73,3189
13.73,3232
13.74,3254
13.74,2809
13.75,3563
13.76,3172
13.76,3987
13.77,3600
13.78,4205
13.78,3850
13.79,3949
13.79,3612
13.80,3238
13.81,3390
13.81,2858
13.82,2990
13.82,2844
13.83,2799
13.84,2875
13.84,2990
13.85,3168
13.85,2497
13.86,3059
13.87,2599
13.87,2442
13.88,3264
13.88,2701
13.89,3009
13.90,3519
13.90,3173
13.91,4324
13.91,2923
13.92,3316
13.93,3208
13.93,3358
13.94,3554
13.94,3270
13.95,3869
13.96,3511
13.96,2988
13.97,2572
13.97,2882
13.98,2451
13.99,3500
13.99,2639
14.00,2988
14.00,2708
14.01,2456
14.02,2556
14.02,2451
14.03,3147
14.03,2897
14.04,2281
14.05,3080
14.05,2581
14.06,2239
14.07,2566
14.07,2049
14.08,2655
14.08,2453
14.09,2256
14.10,2764
14.10,2269
14.11,3121
14.11,3009
14.12,3018
14.13,2766
14.13,2918
14.14,3157
14.14,2828
14.15,2976
14.16,3675
14.16,5275
14.17,9107
14.17,16636
14.18,26623
14.19,37024
14.19,46388
14.20,52106
14.20,50812
14.21,46822
14.22,40013
14.22,31397
14.23,25005
14.23,19754
14.24,15988
14.25,14102
14.25,12219
14.26,10340
14.26,8971
14.27,8996
14.28,7560
14.28,6904
14.29,6631
14.29,7084
14.30,7457
14.31,6637
14.31,6371
14.32,7398
14.32,6519
14.33,5672
14.34,5915
14.34,5068
14.35,5832
14.36,5190
14.36,4992
14.37,4777
14.37,4079
14.38,4009
14.39,3500
14.39,3533
14.40,3824
14.40,3773
14.41,3449
14.42,3726
14.42,3608
14.43,3613
14.43,3584
14.44,3388
14.45,3090
14.45,3994
14.46,2394
14.46,3639
14.47,3784
14.48,2754
14.48,3202
14.49,3221
14.49,3217
14.50,2816
14.51,3503
14.51,3590
14.52,3029
14.52,2565
14.53,2359
14.54,2891
14.54,2686
14.55,2627
14.55,2795
14.56,3279
14.57,2746
14.57,2688
14.58,3195
14.58,2524
14.59,2169
14.60,3165
14.60,3032
14.61,3553
14.61,3311
14.62,3301
14.63,3349
14.63,2833
14.64,3584
14.65,4215
14.65,3826
14.66,5594
14.66,6733
14.67,7092
14.68,9597
14.68,9715
14.69,11188
14.69,9357
14.70,10115
14.71,7734
14.71,6153
14.72,5536
14.72,4382
14.73,3456
14.74,3187
14.74,2641
14.75,2408
14.75,3094
14.76,3144
14.77,2881
14.77,4196
14.78,4892
14.78,6017
14.79,4906
14.80,5762
14.80,4844
14.81,4630
14.81,3931
14.82,3996
14.83,3599
14.83,2762
14.84,2906
14.84,2873
14.85,2517
14.86,2693
14.86,2627
14.87,3077
14.87,2783
14.88,3135
14.89,3055
14.89,3027
14.90,3375
14.90,3977
14.91,3999
14.92,5005
14.92,5731
14.93,6835
14.94,7780
14.94,7997
14.95,8152
14.95,8813
14.96,9184
14.97,7856
14.97,7864
14.98,7190
14.98,5364
14.99,5914
15.00,5161
15.00,5030
15.01,4176
15.01,4089
15.02,4266
15.03,4529
15.03,4562
15.04,4154
15.04,4368
15.05,3989
15.06,3895
15.06,3810
15.07,3906
15.07,2783
15.08,3617
15.09,2443
15.09,2866
15.10,2620
15.10,3044
15.11,2593
15.12,2846
15.12,2558
15.13,2423
15.13,2721
15.14,3000
15.15,2876
15.15,2470
15.16,2797
15.16,2812
15.17,3146
15.18,3039
15.18,2899
15.19,2948
15.19,3198
15.20,3180
15.21,2897
15.21,3038
15.22,2888
15.23,2459
15.23,2506
15.24,2210
15.24,2197
15.25,2297
15.26,2445
15.26,2484
15.27,2504
15.27,2392
15.28,2483
15.29,3029
15.29,3127
15.30,3201
15.30,3374
15.31,4305
15.32,4959
15.32,4888
15.33,4908
15.33,5496
15.34,4364
15.35,5273
15.35,4486
15.36,4624
15.36,4205
15.37,3947
15.38,4313
15.38,3993
15.39,3656
15.39,4351
15.40,5026
15.41,5399
15.41,6301
15.42,7256
15.42,6545
15.43,7253
15.44,5949
15.44,5675
15.45,4880
15.45,4531
15.46,3447
15.47,3332
15.47,3276
15.48,3028
15.48,3102
15.49,2333
15.50,2851
15.50,1961
15.51,2865
15.52,2891
15.52,2264
15.53,3677
15.53,4279
15.54,5688
15.55,5807
15.55,6280
15.56,6064
15.56,5297
15.57,4929
15.58,5029
15.58,5236
15.59,5775
15.59,6060
15.60,6340
15.61,6859
15.61,6435
15.62,6239
15.62,5602
15.63,5157
15.64,4656
15.64,3716
15.65,4219
15.65,4991
15.66,3914
15.67,5533
15.67,4622
15.68,4701
15.68,4298
15.69,4204
15.70,5026
15.70,5393
15.71,4282
15.71,4076
15.72,3953
15.73,3719
15.73,3665
15.74,3957
15.74,4008
15.75,3340
15.76,3671
15.76,3627
15.77,3700
15.77,3606
15.78,3984
15.79,3271
15.79,3092
15.80,3289
15.81,2602
15.81,2391
15.82,2570
15.82,2091
15.83,2299
15.84,1922
15.84,2349
15.85,2569
15.85,2290
15.86,2411
15.87,2328
15.87,2586
15.88,1928
15.88,2680
15.89,3330
15.90,3790
15.90,3527
15.91,4372
15.91,4246
15.92,4648
15.93,4599
15.93,3053
15.94,3977
15.94,3201
15.95,4257
15.96,4062
15.96,3397
15.97,3962
15.97,5031
15.98,6110
15.99,8381
15.99,10991
16.00,14126
16.00,17606
16.01,19148
16.02,21725
16.02,23758
16.03,24274
16.03,23763
16.04,21970
16.05,20499
16.05,18507
16.06,17652
16.06,17132
16.07,16856
16.08,15566
16.08,16392
16.09,15140
16.10,15834
16.10,15041
16.11,15798
16.11,15284
16.12,16932
16.13,17860
16.13,19398
16.14,19959
16.14,18170
16.15,17199
16.16,15095
16.16,15465
16.17,15742
16.17,13977
16.18,14516
16.19,13688
16.19,13653
16.20,13053
16.20,11935
16.21,11486
16.22,10261
16.22,9178
16.23,8670
16.23,7899
16.24,8534
16.25,7074
16.25,6768
16.26,7588
16.26,7184
16.27,7893
16.28,7330
16.28,8014
16.29,6789
16.29,7105
16.30,6364
16.31,5967
16.31,6162
16.32,5938
16.32,6033
16.33,6404
16.34,5234
16.34,6038
16.35,6476
16.35,6177
16.36,7656
16.37,6566
16.37,7587
16.38,7868
16.39,8947
16.39,8304
16.40,8127
16.40,8305
16.41,7699
16.42,8670
16.42,9793
16.43,11130
16.43,12578
16.44,13730
16.45,13893
16.45,13684
16.46,12439
16.46,14414
16.47,13775
16.48,14000
16.48,13729
16.49,13784
16.49,14094
16.50,11576
16.51,9456
16.51,9352
16.52,8649
16.52,6944
16.53,6835
16.54,6992
16.54,6704
16.55,5724
16.55,6525
16.56,5580
16.57,5877
16.57,5517
16.58,5929
16.58,6660
16.59,5393
16.60,5378
16.60,6119
16.61,6100
16.61,5620
16.62,6016
16.63,5384
16.63,4447
16.64,5099
16.64,4229
16.65,4018
16.66,4740
16.66,3695
16.67,4833
16.68,4134
16.68,5254
16.69,5615
16.69,5399
16.70,5515
16.71,6401
16.71,7248
16.72,10825
16.72,20721
16.73,38659
16.74,64903
16.74,101127
16.75,141097
16.75,176780
16.76,194928
16.77,195370
16.77,181789
16.78,149171
16.78,112377
16.79,78915
16.80,56442
16.80,38205
16.81,28965
16.81,21982
16.82,19122
16.83,18461
16.83,18721
16.84,20871
16.84,28100
16.85,37484
16.86,46317
16.86,55734
16.87,55218
16.87,56628
16.88,53142
16.89,50522
16.89,44167
16.90,38695
16.90,34378
16.91,29677
16.92,24868
16.92,22413
16.93,21085
16.93,19125
16.94,17666
16.95,16261
16.95,16460
16.96,15507
16.97,16046
16.97,14436
16.98,14078
16.98,12157
16.99,11465
17.00,11665
17.00,11092
17.01,12074
17.01,11553
17.02,12648
17.03,12301
17.03,12166
17.04,12083
17.04,11808
17.05,10321
17.06,10808
17.06,11303
17.07,12681
17.07,11126
17.08,11946
17.09,10620
17.09,11525
17.10,11397
17.10,10865
17.11,9997
17.12,9454
17.12,9260
17.13,9634
17.13,9838
17.14,10058
17.15,10775
17.15,10499
17.16,10412
17.16,10087
17.17,8836
17.18,8680
17.18,8246
17.19,8077
17.19,8494
17.20,7843
17.21,7651
17.21,7272
17.22,7559
17.22,7757
17.23,7171
17.24,7508
17.24,7696
17.25,9137
17.26,9401
17.26,10690
17.27,11822
17.27,12813
17.28,11630
17.29,11067
17.29,10520
17.30,8777
17.30,8450
17.31,7820
17.32,6030
17.32,6318
17.33,6264
17.33,5613
17.34,5688
17.35,5196
17.35,5371
17.36,5421
17.36,5065
17.37,5613
17.38,6283
17.38,6255
17.39,5559
17.39,4807
17.40,5161
17.41,6075
17.41,4671
17.42,5643
17.42,4843
17.43,4318
17.44,5416
17.44,4296
17.45,4215
17.45,5142
17.46,5100
17.47,4971
17.47,6040
17.48,3754
17.48,5441
17.49,5713
17.50,6342
17.50,5766
17.51,6023
17.52,6470
17.52,8100
17.53,7873
17.53,6651
17.54,6433
17.55,6228
17.55,6259
17.56,4993
17.56,4958
17.57,4737
17.58,4897
17.58,5203
17.59,5909
17.59,6394
17.60,6729
17.61,7798
17.61,9304
17.62,12027
17.62,11821
17.63,12485
17.64,11744
17.64,12949
17.65,12210
17.65,10558
17.66,10646
17.67,9565
17.67,9020
17.68,8313
17.68,7916
17.69,7178
17.70,7453
17.70,6411
17.71,6591
17.71,6654
17.72,6115
17.73,5757
17.73,4991
17.74,5551
17.74,6225
17.75,6128
17.76,5459
17.76,5445
17.77,4711
17.77,4798
17.78,6029
17.79,5040
17.79,5379
17.80,5303
17.81,5343
17.81,4897
17.82,5789
17.82,5341
17.83,4574
17.84,5245
17.84,4162
17.85,4534
17.85,5497
17.86,5046
17.87,5012
17.87,5262
17.88,5569
17.88,5941
17.89,6626
17.90,8903
17.90,11883
17.91,15078
17.91,18959
17.92,21462
17.93,22565
17.93,23756
17.94,22961
17.94,19352
17.95,18858
17.96,15443
17.96,14823
17.97,12274
17.97,11915
17.98,11737
17.99,11724
17.99,10571
18.00,11820
18.00,10168
18.01,10543
18.02,9488
18.02,10049
18.03,9195
18.03,10875
18.04,10674
18.05,11027
18.05,10085
18.06,10289
18.06,8466
18.07,10159
18.08,10476
18.08,9364
18.09,9046
18.10,8978
18.10,8991
18.11,8353
18.11,9288
18.12,10022
18.13,8701
18.13,7982
18.14,6990
18.14,7134
18.15,6767
18.16,6583
18.16,6259
18.17,6672
18.17,6727
18.18,6682
18.19,7576
18.19,7139
18.20,7220
18.20,6837
18.21,7093
18.22,6844
18.22,6853
18.23,7517
18.23,6915
18.24,6804
18.25,6097
18.25,6576
18.26,6421
18.26,5808
18.27,6095
18.28,6117
18.28,6642
18.29,5983
18.29,6726
18.30,7605
18.31,7014
18.31,6870
18.32,7161
18.32,6558
18.33,8076
18.34,8619
18.34,8588
18.35,9275
18.35,11064
18.36,9599
18.37,9845
18.37,9146
18.38,9266
18.39,8953
18.39,10093
18.40,9729
18.40,10534
18.41,10222
18.42,9547
18.42,9629
18.43,9674
18.43,9379
18.44,8165
18.45,7902
18.45,7632
18.46,6915
18.46,7739
18.47,6101
18.48,6986
18.48,6475
18.49,5096
18.49,6078
18.50,5775
18.51,5663
18.51,5685
18.52,6248
18.52,6436
18.53,6610
18.54,6476
18.54,6946
18.55,6468
18.55,6110
18.56,7393
18.57,6397
18.57,6076
18.58,6975
18.58,5332
18.59,6060
18.60,5851
18.60,7354
18.61,7881
18.61,9136
18.62,8730
18.63,9512
18.63,8926
18.64,8052
18.64,7636
18.65,7915
18.66,7546
18.66,6420
18.67,6731
18.68,6315
18.68,5682
18.69,5554
18.69,6301
18.70,7045
18.71,5659
18.71,6210
18.72,5893
18.72,5726
18.73,5162
18.74,5176
18.74,5566
18.75,5060
18.75,5163
18.76,5523
18.77,4814
18.77,4629
18.78,5219
18.78,4459
18.79,5544
18.80,5271
18.80,5565
18.81,6297
18.81,6665
18.82,6471
18.83,7003
18.83,6773
18.84,7703
18.84,7532
18.85,6792
18.86,6882
18.86,7317
18.87,6398
18.87,7479
18.88,7007
18.89,7360
18.89,7047
18.90,5725
18.90,5380
18.91,5809
18.92,5042
18.92,4651
18.93,4129
18.93,4838
18.94,4780
18.95,4452
18.95,5273
18.96,4577
18.97,5567
18.97,5077
18.98,4747
18.98,5470
18.99,4593
19.00,5007
19.00,4920
19.01,6054
19.01,6165
19.02,5273
19.03,6086
19.03,5374
19.04,5730
19.04,4877
19.05,5728
19.06,4787
19.06,4483
19.07,3681
19.07,4562
19.08,4289
19.09,4703
19.09,4968
19.10,5141
19.10,4715
19.11,4229
19.12,4802
19.12,5002
19.13,4786
19.13,5905
19.14,8612
19.15,9506
19.15,9384
19.16,9600
19.16,11837
19.17,11605
19.18,10541
19.18,8959
19.19,10487
19.19,8693
19.20,8764
19.21,7876
19.21,7802
19.22,7866
19.22,7703
19.23,6912
19.24,6958
19.24,5518
19.25,7143
19.26,6540
19.26,6857
19.27,7274
19.27,6039
19.28,7017
19.29,6479
19.29,4730
19.30,5452
19.30,5184
19.31,4906
19.32,5040
19.32,4182
19.33,4719
19.33,4457
19.34,4297
19.35,4542
19.35,4122
19.36,4056
19.36,3395
19.37,3947
19.38,3439
19.38,4293
19.39,3639
19.39,4653
19.40,3734
19.41,3667
19.41,3507
19.42,4412
19.42,3480
19.43,4287
19.44,4268
19.44,3840
19.45,4115
19.45,4481
19.46,3685
19.47,4761
19.47,5033
19.48,3993
19.48,4437
19.49,4110
19.50,4445
19.50,3958
19.51,3469
19.51,3792
19.52,4208
19.53,3996
19.53,3304
19.54,3406
19.55,3076
19.55,4611
19.56,3930
19.56,4322
19.57,3544
19.58,3904
19.58,2640
19.59,3417
19.59,3134
19.60,3360
19.61,3722
19.61,3445
19.62,3525
19.62,3162
19.63,3529
19.64,3781
19.64,3987
19.65,2604
19.65,3365
19.66,3746
19.67,3626
19.67,3497
19.68,3088
19.68,3867
19.69,3386
19.70,3621
19.70,4049
19.71,4596
19.71,4270
19.72,5109
19.73,5946
19.73,4780
19.74,6412
19.74,6401
19.75,5768
19.76,6387
19.76,6363
19.77,6016
19.77,6199
19.78,6251
19.79,6471
19.79,5533
19.80,5612
19.80,5237
19.81,4971
19.82,5259
19.82,4222
19.83,4883
19.84,5095
19.84,4889
19.85,4924
19.85,5715
19.86,4393
19.87,4780
19.87,5026
19.88,5312
19.88,5395
19.89,5088
19.90,4839
19.90,4685
19.91,5737
19.91,7035
19.92,8513
19.93,7789
19.93,7695
19.94,7905
19.94,7980
19.95,8212
19.96,7853
19.96,6058
19.97,5811
19.97,5891
19.98,6903
19.99,6851
19.99,7472
20.00,7433
20.00,6379
20.01,7330
20.02,7639
20.02,6660
20.03,7083
20.03,6396
20.04,5742
20.05,5781
20.05,5440
20.06,5086
20.06,5343
20.07,4694
20.08,5852
20.08,5267
20.09,4637
20.09,5591
20.10,5320
20.11,4933
20.11,5373
20.12,4495
20.13,4300
20.13,4744
20.14,4191
20.14,5166
20.15,4332
20.16,4430
20.16,4359
20.17,4843
20.17,5986
20.18,5287
20.19,6920
20.19,7008
20.20,7895
20.20,7722
20.21,9298
20.22,10012
20.22,9514
20.23,9586
20.23,9239
20.24,8546
20.25,8017
20.25,7786
20.26,8673
20.26,8462
20.27,7552
20.28,8553
20.28,7512
20.29,7850
20.29,7244
20.30,6242
20.31,5230
20.31,4965
20.32,5412
20.32,4421
20.33,3851
20.34,4302
20.34,4768
20.35,4604
20.35,5469
20.36,5015
20.37,5657
20.37,5363
20.38,5941
20.38,6385
20.39,7177
20.40,6010
20.40,6044
20.41,5174
20.42,6494
20.42,6513
20.43,6028
20.43,6920
20.44,7188
20.45,6197
20.45,6655
20.46,6085
20.46,6748
20.47,6331
20.48,6263
20.48,6322
20.49,7439
20.49,7234
20.50,6696
20.51,6859
20.51,6194
20.52,5716
20.52,5419
20.53,4952
20.54,4644
20.54,4448
20.55,5014
20.55,4737
20.56,5259
20.57,6030
20.57,6650
20.58,7448
20.58,8270
20.59,9778
20.60,11182
20.60,10455
20.61,10739
20.61,10936
20.62,9446
20.63,9440
20.63,9408
20.64,9588
20.64,8795
20.65,8051
20.66,7048
20.66,8738
20.67,8671
20.67,8666
20.68,9474
20.69,8558
20.69,8470
20.70,9267
20.71,10370
20.71,14517
20.72,20723
20.72,32405
20.73,46809
20.74,59928
20.74,75817
20.75,88190
20.75,85555
20.76,77077
20.77,67528
20.77,51910
20.78,41555
20.78,29841
20.79,22681
20.80,16478
20.80,13593
20.81,10502
20.81,9430
20.82,8485
20.83,7809
20.83,7390
20.84,7108
20.84,6673
20.85,7041
20.86,6523
20.86,5429
20.87,6380
20.87,6234
20.88,6383
20.89,6096
20.89,5196
20.90,5293
20.90,5777
20.91,6262
20.92,6309
20.92,6665
20.93,8967
20.93,10597
20.94,11771
20.95,13817
20.95,14232
20.96,13550
20.96,12902
20.97,12295
20.98,12388
20.98,11973
20.99,10701
21.00,9358
21.00,9331
21.01,9449
21.01,8411
21.02,7913
21.03,7910
21.03,8826
21.04,7672
21.04,8926
21.05,8173
21.06,7382
21.06,7373
21.07,7666
21.07,6964
21.08,7393
21.09,6868
21.09,7123
21.10,6978
21.10,5955
21.11,6991
21.12,6099
21.12,6660
21.13,5163
21.13,5525
21.14,5642
21.15,5458
21.15,6183
21.16,5386
21.16,5392
21.17,5000
21.18,5459
21.18,5463
21.19,4279
21.19,5608
21.20,4938
21.21,4814
21.21,4569
21.22,5645
21.22,5154
21.23,5825
21.24,6156
21.24,6799
21.25,7685
21.25,9560
21.26,12845
21.27,16426
21.27,22109
21.28,25888
21.29,32552
21.29,31296
21.30,31502
21.30,26867
21.31,25632
21.32,21034
21.32,17709
21.33,14822
21.33,11680
21.34,10464
21.35,8472
21.35,8048
21.36,6934
21.36,6688
21.37,6143
21.38,6189
21.38,6162
21.39,5049
21.39,6331
21.40,5790
21.41,6824
21.41,6819
21.42,8037
21.42,6238
21.43,7435
21.44,7824
21.44,10627
21.45,11234
21.45,12581
21.46,13742
21.47,13742
21.47,14493
21.48,15607
21.48,14998
21.49,16778
21.50,14876
21.50,16646
21.51,15835
21.51,16079
21.52,15405
21.53,16820
21.53,15342
21.54,13868
21.54,15104
21.55,16066
21.56,14227
21.56,15135
21.57,14957
21.58,15631
21.58,14569
21.59,13373
21.59,13159
21.60,13658
21.61,13932
21.61,13776
21.62,14015
21.62,14287
21.63,12181
21.64,12181
21.64,13434
21.65,13200
21.65,13019
21.66,12603
21.67,12732
21.67,13235
21.68,12766
21.68,12319
21.69,12184
21.70,11368
21.70,10533
21.71,11233
21.71,10985
21.72,10749
21.73,12426
21.73,14904
21.74,16248
21.74,17685
21.75,22866
21.76,25456
21.76,25143
21.77,25533
21.77,23315
21.78,22109
21.79,16972
21.79,14474
21.80,12092
21.80,11687
21.81,9168
21.82,8779
21.82,10511
21.83,8836
21.84,9798
21.84,8189
21.85,8785
21.85,9647
21.86,8902
21.87,10113
21.87,11399
21.88,10289
21.88,12445
21.89,13405
21.90,14226
21.90,13635
21.91,12978
21.91,12477
21.92,10796
21.93,9569
21.93,9822
21.94,9717
21.94,8663
21.95,8593
21.96,7833
21.96,8126
21.97,7735
21.97,7007
21.98,6924
21.99,6566
21.99,7083
22.00,6405
22.00,6835
22.01,7218
22.02,6696
22.02,6146
22.03,6111
22.03,6438
22.04,6016
22.05,6252
22.05,6423
22.06,7178
22.06,6720
22.07,7940
22.08,8156
22.08,8192
22.09,9359
22.09,9123
22.10,9532
22.11,10126
22.11,9632
22.12,8184
22.13,8380
22.13,8163
22.14,7086
22.14,6407
22.15,6248
22.16,7224
22.16,8831
22.17,8625
22.17,8664
22.18,8301
22.19,9292
22.19,9268
22.20,10263
22.20,7260
22.21,8849
22.22,7497
22.22,7201
22.23,7497
22.23,6949
22.24,6958
22.25,6941
22.25,6465
22.26,6909
22.26,7660
22.27,5331
22.28,6149
22.28,5409
22.29,6569
22.29,5119
22.30,4933
22.31,4957
22.31,5299
22.32,6348
22.32,4962
22.33,4938
22.34,5114
22.34,4641
22.35,5791
22.35,5022
22.36,5535
22.37,5835
22.37,5261
22.38,5886
22.38,6804
22.39,7036
22.40,5744
22.40,5696
22.41,4831
22.42,4402
22.42,5077
22.43,4002
22.43,4446
22.44,5379
22.45,5171
22.45,5390
22.46,5546
22.46,5717
22.47,5725
22.48,7265
22.48,8327
22.49,8944
22.49,9267
22.50,10325
22.51,9957
22.51,9265
22.52,9821
22.52,8729
22.53,7130
22.54,6426
22.54,6369
22.55,5509
22.55,5174
22.56,5572
22.57,5549
22.57,4396
22.58,5774
22.58,4074
22.59,4204
22.60,3566
22.60,4715
22.61,4503
22.61,3816
22.62,3937
22.63,5517
22.63,4357
22.64,4234
22.64,3881
22.65,4666
22.66,5202
22.66,4368
22.67,4048
22.67,4032
22.68,5268
22.69,4691
22.69,4183
22.70,4772
22.71,4405
22.71,4837
22.72,5021
22.72,4601
22.73,6231
22.74,5767
22.74,6978
22.75,6030
22.75,7061
22.76,7559
22.77,7813
22.77,7491
22.78,8988
22.78,7850
22.79,6563
22.80,8040
22.80,6542
22.81,6907
22.81,5557
22.82,4530
22.83,5106
22.83,4633
22.84,3884
22.84,3620
22.85,4518
22.86,3402
22.86,3373
22.87,3618
22.87,3427
22.88,3974
22.89,4314
22.89,3863
22.90,3418
22.90,3388
22.91,4439
22.92,5210
22.92,5101
22.93,4678
22.93,5573
22.94,5365
22.95,5395
22.95,5293
22.96,5289
22.96,3837
22.97,3502
22.98,3074
22.98,3858
22.99,3827
23.00,3497
23.00,3695
23.01,4124
23.01,4056
23.02,4565
23.03,4889
23.03,4124
23.04,5466
23.04,5123
23.05,4914
23.06,3786
23.06,4035
23.07,4377
23.07,4429
23.08,3455
23.09,3976
23.09,3354
23.10,4431
23.10,3103
23.11,3494
23.12,3800
23.12,3963
23.13,3453
23.13,4235
23.14,3799
23.15,3347
23.15,3919
23.16,3424
23.16,3164
23.17,3963
23.18,3560
23.18,3433
23.19,4128
23.19,4638
23.20,5216
23.21,5513
23.21,7032
23.22,7516
23.22,7065
23.23,7691
23.24,8372
23.24,7103
23.25,7667
23.25,7574
23.26,6356
23.27,6160
23.27,5923
23.28,5625
23.29,5366
23.29,5848
23.30,5681
23.30,5533
23.31,5152
23.32,5586
23.32,5032
23.33,4304
23.33,4075
23.34,4654
23.35,4989
23.35,4163
23.36,4354
23.36,3018
23.37,3631
23.38,4506
23.38,4901
23.39,4822
23.39,4438
23.40,4888
23.41,5102
23.41,5512
23.42,5442
23.42,5463
23.43,4571
23.44,4993
23.44,4201
23.45,4709
23.45,3690
23.46,4066
23.47,4449
23.47,3807
23.48,4185
23.48,4648
23.49,5314
23.50,4073
23.50,4193
23.51,5242
23.51,4458
23.52,4976
23.53,5005
23.53,5827
23.54,6869
23.54,5583
23.55,7152
23.56,5867
23.56,5946
23.57,5580
23.58,6134
23.58,6014
23.59,5924
23.59,5848
23.60,5452
23.61,5379
23.61,6055
23.62,5075
23.62,5143
23.63,6970
23.64,5869
23.64,5651
23.65,6907
23.65,6434
23.66,7162
23.67,6730
23.67,6842
23.68,7563
23.68,4993
23.69,6448
23.70,5394
23.70,5492
23.71,5713
23.71,5468
23.72,4692
23.73,4981
23.73,3995
23.74,4499
23.74,5348
23.75,5724
23.76,6253
23.76,6158
23.77,6956
23.77,7004
23.78,6389
23.79,6582
23.79,6645
23.80,7982
23.80,9438
23.81,12377
23.82,15103
23.82,22107
23.83,31461
23.83,41090
23.84,54223
23.85,70139
23.85,76456
23.86,80974
23.87,80634
23.87,70957
23.88,55819
23.88,42442
23.89,29500
23.90,19316
23.90,14228
23.91,11004
23.91,8993
23.92,7573
23.93,6827
23.93,7859
23.94,7320
23.94,6291
23.95,6274
23.96,6903
23.96,5484
23.97,5124
23.97,5452
23.98,5818
23.99,5091
23.99,4470
24.00,5170
24.00,5611
24.01,5742
24.02,6354
24.02,7059
24.03,6133
24.03,6850
24.04,5842
24.05,6152
24.05,5198
24.06,4327
24.06,5802
24.07,4946
24.08,4565
24.08,4646
24.09,5484
24.09,4833
24.10,4160
24.11,4267
24.11,4657
24.12,4866
24.12,5039
24.13,4621
24.14,4690
24.14,5480
24.15,5808
24.16,4747
24.16,4847
24.17,5033
24.17,5039
24.18,4581
24.19,5759
24.19,5217
24.20,4917
24.20,6137
24.21,5671
24.22,5345
24.22,4449
24.23,5426
24.23,5466
24.24,6155
24.25,5485
24.25,6170
24.26,5666
24.26,4462
24.27,5712
24.28,5725
24.28,6180
24.29,5025
24.29,5571
24.30,5965
24.31,6385
24.31,6293
24.32,6151
24.32,5736
24.33,5896
24.34,5582
24.34,5934
24.35,6749
24.35,5806
24.36,5988
24.37,7162
24.37,6335
24.38,6299
24.38,6172
24.39,6196
24.40,6641
24.40,6044
24.41,5272
24.41,6831
24.42,6904
24.43,5939
24.43,5280
24.44,6474
24.45,7106
24.45,6571
24.46,5944
24.46,6032
24.47,6735
24.48,6748
24.48,5993
24.49,7159
24.49,6282
24.50,6067
24.51,7138
24.51,6664
24.52,5650
24.52,6338
24.53,7156
24.54,7228
24.54,7667
24.55,9076
24.55,9614
24.56,10058
24.57,9914
24.57,9437
24.58,10318
24.58,9523
24.59,8726
24.60,9534
24.60,10050
24.61,9995
24.61,9855
24.62,9033
24.63,10032
24.63,9447
24.64,8194
24.64,8146
24.65,9283
24.66,9772
24.66,9959
24.67,9107
24.67,9307
24.68,9934
24.69,9345
24.69,8862
24.70,8339
24.70,9039
24.71,9414
24.72,9356
24.72,8288
24.73,9157
24.74,9197
24.74,8021
24.75,9336
24.75,8516
24.76,8057
24.77,8462
24.77,9577
24.78,10327
24.78,9035
24.79,9755
24.80,9687
24.80,9793
24.81,8806
24.81,7987
24.82,7495
24.83,8029
24.83,7394
24.84,6780
24.84,7851
24.85,6832
24.86,7427
24.86,6480
24.87,6846
24.87,8103
24.88,8311
24.89,7731
24.89,7502
24.90,7277
24.90,6412
24.91,5778
24.92,6624
24.92,6529
24.93,5915
24.93,6834
24.94,5759
24.95,6509
24.95,5889
24.96,6594
24.96,6976
24.97,6349
24.98,6245
24.98,7070
24.99,7561
24.99,7073
25.00,6433
25.01,8416
25.01,10521
25.02,12462
25.03,19081
25.03,25381
25.04,33695
25.04,42316
25.05,47357
25.06,50658
25.06,49153
25.07,43870
25.07,35023
25.08,28368
25.09,21764
25.09,15907
25.10,12923
25.10,11184
25.11,9873
25.12,8779
25.12,8851
25.13,7870
25.13,7776
25.14,7838
25.15,7636
25.15,7025
25.16,7790
25.16,7787
25.17,6926
25.18,5915
25.18,6072
25.19,6352
25.19,5718
25.20,6178
25.21,6145
25.21,6139
25.22,5549
25.22,6069
25.23,6209
25.24,7210
25.24,7126
25.25,7153
25.25,7724
25.26,6728
25.27,7599
25.27,6859
25.28,7717
25.28,6888
25.29,7151
25.30,5885
25.30,5228
25.31,6097
25.32,6065
25.32,5575
25.33,6025
25.33,4949
25.34,5585
25.35,5779
25.35,6357
25.36,6736
25.36,5869
25.37,5007
25.38,6761
25.38,5813
25.39,6050
25.39,5634
25.40,6417
25.41,6341
25.41,6130
25.42,6139
25.42,7892
25.43,7518
25.44,7659
25.44,7680
25.45,7955
25.45,6868
25.46,6952
25.47,7248
25.47,5990
25.48,7181
25.48,5925
25.49,6049
25.50,5128
25.50,5903
25.51,5837
25.51,5637
25.52,4887
25.53,5817
25.53,5351
25.54,5282
25.54,4860
25.55,5951
25.56,5350
25.56,5582
25.57,5485
25.57,5333
25.58,5378
25.59,5211
25.59,5239
25.60,5896
25.61,5279
25.61,5750
25.62,5503
25.62,6503
25.63,6333
25.64,6085
25.64,6124
25.65,5987
25.65,4760
25.66,5908
25.67,5881
25.67,5549
25.68,5137
25.68,4944
25.69,4538
25.70,5423
25.70,5219
25.71,5499
25.71,6071
25.72,4352
25.73,4950
25.73,5300
25.74,4367
25.74,4784
25.75,3943
25.76,5241
25.76,4304
25.77,4923
25.77,3990
25.78,4876
25.79,5320
25.79,5149
25.80,4848
25.80,4916
25.81,5655
25.82,3735
25.82,5454
25.83,4888
25.83,5069
25.84,5520
25.85,6650
25.85,5427
25.86,5759
25.86,6493
25.87,4864
25.88,4951
25.88,4359
25.89,3931
25.90,4525
25.90,4843
25.91,4052
25.91,4271
25.92,3652
25.93,4814
25.93,4479
25.94,4348
25.94,4103
25.95,4826
25.96,3317
25.96,4567
25.97,3809
25.97,4706
25.98,4856
25.99,5238
25.99,5550
26.00,7248
26.00,8304
26.01,8124
26.02,7277
26.02,6883
26.03,7537
26.03,7346
26.04,7943
26.05,6433
26.05,6082
26.06,5609
26.06,6340
26.07,4980
26.08,4345
26.08,5216
26.09,5090
26.09,5690
26.10,6031
26.11,5922
26.11,6097
26.12,6364
26.12,6615
26.13,4888
26.14,5423
26.14,5020
26.15,5022
26.16,4531
26.16,4742
26.17,4432
26.17,4608
26.18,4479
26.19,5125
26.19,4839
26.20,4366
26.20,4464
26.21,3880
26.22,4274
26.22,4450
26.23,3880
26.23,4563
26.24,3980
26.25,4908
26.25,5324
26.26,5250
26.26,5414
26.27,6100
26.28,5353
26.28,5421
26.29,6338
26.29,5899
26.30,7134
26.31,6931
26.31,9938
26.32,10887
26.32,13061
26.33,14290
26.34,15095
26.34,14542
26.35,15297
26.35,14980
26.36,12040
26.37,9850
26.37,8900
26.38,7821
26.38,8011
26.39,6999
26.40,6956
26.40,5349
26.41,6644
26.41,6712
26.42,6836
26.43,6593
26.43,6456
26.44,6784
26.45,6657
26.45,6722
26.46,8209
26.46,8214
26.47,7780
26.48,8919
26.48,7617
26.49,8733
26.49,5923
26.50,8380
26.51,8128
26.51,9977
26.52,11164
26.52,12255
26.53,14231
26.54,16618
26.54,16747
26.55,16380
26.55,15151
26.56,12059
26.57,11170
26.57,9352
26.58,7999
26.58,9259
26.59,7132
26.60,7010
26.60,6197
26.61,6744
26.61,7600
26.62,6385
26.63,7680
26.63,7753
26.64,7673
26.64,6977
26.65,7591
26.66,6341
26.66,8444
26.67,7416
26.67,5686
26.68,6176
26.69,6228
26.69,5400
26.70,5604
26.70,5176
26.71,5448
26.72,4582
26.72,4928
26.73,5474
26.74,5223
26.74,5846
26.75,4828
26.75,4865
26.76,4847
26.77,4833
26.77,5307
26.78,5183
26.78,5287
26.79,4332
26.80,4157
26.80,4011
26.81,3978
26.81,4607
26.82,6140
26.83,5359
26.83,6784
26.84,10670
26.84,11488
26.85,14358
26.86,16871
26.86,15838
26.87,16399
26.87,15238
26.88,12543
26.89,10361
26.89,8672
26.90,6762
26.90,6627
26.91,6102
26.92,4840
26.92,5248
26.93,5075
26.93,3895
26.94,4106
26.95,4380
26.95,3977
26.96,4292
26.96,4986
26.97,4459
26.98,3882
26.98,3892
26.99,4364
26.99,3900
27.00,4442
27.01,3384
27.01,4086
27.02,4280
27.03,4904
27.03,3871
27.04,3733
27.04,4231
27.05,3093
27.06,3749
27.06,4973
27.07,4687
27.07,4460
27.08,5179
27.09,5158
27.09,5332
27.10,7135
27.10,6369
27.11,6627
27.12,6279
27.12,6979
27.13,5983
27.13,6586
27.14,6116
27.15,7234
27.15,6265
27.16,6254
27.16,5934
27.17,5119
27.18,5772
27.18,5518
27.19,5317
27.19,5530
27.20,5131
27.21,5550
27.21,7272
27.22,6737
27.22,6932
27.23,7481
27.24,6848
27.24,7548
27.25,7929
27.25,6572
27.26,6606
27.27,5516
27.27,5539
27.28,4905
27.28,5384
27.29,5420
27.30,4289
27.30,5356
27.31,5041
27.32,4548
27.32,4457
27.33,5153
27.33,4358
27.34,4788
27.35,4247
27.35,4000
27.36,3793
27.36,4579
27.37,4141
27.38,4260
27.38,4347
27.39,4404
27.39,4251
27.40,4489
27.41,4925
27.41,4245
27.42,4658
27.42,3743
27.43,4451
27.44,4227
27.44,4887
27.45,3780
27.45,3345
27.46,3665
27.47,3545
27.47,3282
27.48,4557
27.48,3184
27.49,3645
27.50,3685
27.50,4380
27.51,3542
27.51,3911
27.52,3960
27.53,3743
27.53,4591
27.54,4289
27.54,3827
27.55,4432
27.56,5285
27.56,4842
27.57,4377
27.57,4487
27.58,4387
27.59,3926
27.59,4239
27.60,4879
27.61,3018
27.61,4408
27.62,3983
27.62,3521
27.63,4696
27.64,5101
27.64,4616
27.65,4797
27.65,5343
27.66,6071
27.67,5679
27.67,6545
27.68,7533
27.68,7046
27.69,6857
27.70,6627
27.70,7461
27.71,7432
27.71,5709
27.72,6855
27.73,5233
27.73,5702
27.74,6037
27.74,5548
27.75,5135
27.76,5298
27.76,5262
27.77,5532
27.77,5097
27.78,4953
27.79,5367
27.79,5027
27.80,4942
27.80,4656
27.81,4361
27.82,6079
27.82,6960
27.83,6178
27.83,5843
27.84,5937
27.85,7259
27.85,6456
27.86,8740
27.86,8500
27.87,8875
27.88,9266
27.88,8370
27.89,8458
27.90,7921
27.90,7068
27.91,6189
27.91,6421
27.92,6150
27.93,5450
27.93,5108
27.94,4686
27.94,5422
27.95,5717
27.96,5705
27.96,5372
27.97,5348
27.97,6328
27.98,5428
27.99,4844
27.99,5081
28.00,5806
28.00,4162
28.01,4529
28.02,5010
28.02,4592
28.03,5458
28.03,4906
28.04,4982
28.05,4971
28.05,5199
28.06,4723
28.06,6072
28.07,5207
28.08,5563
28.08,4588
28.09,4352
28.09,4373
28.10,5128
28.11,4327
28.11,3999
28.12,4882
28.12,4157
28.13,4292
28.14,4203
28.14,4657
28.15,4340
28.15,5907
28.16,7079
28.17,8497
28.17,9721
28.18,11407
28.19,12555
28.19,14085
28.20,14310
28.20,12078
28.21,11278
28.22,9320
28.22,8158
28.23,7289
28.23,4941
28.24,4128
28.25,4099
28.25,5570
28.26,4564
28.26,4304
28.27,4662
28.28,4175
28.28,5112
28.29,3882
28.29,4286
28.30,4981
28.31,4075
28.31,3546
28.32,3907
28.32,3688
28.33,3351
28.34,3667
28.34,3649
28.35,3925
28.35,3986
28.36,4110
28.37,3169
28.37,3089
28.38,4476
28.38,3674
28.39,3827
28.40,4246
28.40,4262
28.41,4525
28.41,4382
28.42,3989
28.43,3782
28.43,3836
28.44,4638
28.44,3748
28.45,3981
28.46,4902
28.46,3662
28.47,3734
28.48,3553
28.48,4996
28.49,5200
28.49,4284
28.50,5007
28.51,5169
28.51,5493
28.52,5356
28.52,4575
28.53,4705
28.54,6983
28.54,5267
28.55,5864
28.55,7051
28.56,5451
28.57,6812
28.57,6270
28.58,6267
28.58,7001
28.59,6750
28.60,6429
28.60,7487
28.61,6397
28.61,7873
28.62,7992
28.63,7404
28.63,8055
28.64,6992
28.64,7046
28.65,7155
28.66,6128
28.66,7061
28.67,5243
28.67,4747
28.68,5783
28.69,5368
28.69,5479
28.70,5028
28.70,4817
28.71,5026
28.72,3870
28.72,4974
28.73,4550
28.73,3996
28.74,3646
28.75,3783
28.75,3900
28.76,4228
28.77,4876
28.77,3753
28.78,3349
28.78,4009
28.79,4198
28.80,3868
28.80,4099
28.81,3993
28.81,3990
28.82,4056
28.83,4117
28.83,4511
28.84,3945
28.84,3892
28.85,3955
28.86,5146
28.86,3768
28.87,5064
28.87,5489
28.88,5436
28.89,6014
28.89,6225
28.90,5173
28.90,5569
28.91,5857
28.92,6383
28.92,4504
28.93,5950
28.93,5689
28.94,5116
28.95,3779
28.95,4078
28.96,4187
28.96,4534
28.97,4857
28.98,5223
28.98,4618
28.99,4808
28.99,5580
29.00,5390
29.01,4518
29.01,4885
29.02,4685
29.02,4860
29.03,4534
29.04,4761
29.04,4474
29.05,5395
29.06,4628
29.06,3507
29.07,3977
29.07,4125
29.08,4413
29.09,4333
29.09,4835
29.10,5127
29.10,4882
29.11,4939
29.12,5703
29.12,4602
29.13,4590
29.13,4244
29.14,3619
29.15,4974
29.15,3797
29.16,4169
29.16,3398
29.17,3527
29.18,3634
29.18,4257
29.19,3836
29.19,3844
29.20,3722
29.21,3710
29.21,4165
29.22,4156
29.22,3484
29.23,3894
29.24,4670
29.24,4377
29.25,4029
29.25,3758
29.26,4027
29.27,4505
29.27,4786
29.28,4838
29.28,4151
29.29,3436
29.30,3156
29.30,3693
29.31,3812
29.31,3181
29.32,4295
29.33,4630
29.33,4051
29.34,4373
29.35,3621
29.35,3696
29.36,4007
29.36,3571
29.37,3710
29.38,3916
29.38,4160
29.39,4334
29.39,4531
29.40,3909
29.41,4479
29.41,4477
29.42,5046
29.42,5667
29.43,6279
29.44,6363
29.44,8036
29.45,8298
29.45,8153
29.46,11634
29.47,15916
29.47,20303
29.48,30021
29.48,39152
29.49,47261
29.50,52408
29.50,56253
29.51,50501
29.51,45077
29.52,36398
29.53,29062
29.53,20855
29.54,15658
29.54,13409
29.55,12415
29.56,10137
29.56,8781
29.57,8133
29.57,8615
29.58,7951
29.59,6819
29.59,7537
29.60,7263
29.60,7055
29.61,6982
29.62,6520
29.62,6734
29.63,5999
29.64,6446
29.64,6214
29.65,6494
29.65,5616
29.66,5275
29.67,5483
29.67,5954
29.68,6796
29.68,5598
29.69,5224
29.70,6306
29.70,6385
29.71,6958
29.71,5063
29.72,5566
29.73,5569
29.73,5209
29.74,4742
29.74,4816
29.75,4582
29.76,4068
29.76,4062
29.77,4537
29.77,5092
29.78,3804
29.79,4645
29.79,3879
29.80,4036
29.80,4538
29.81,4533
29.82,4143
29.82,4633
29.83,4727
29.83,4351
29.84,4267
29.85,4794
29.85,4946
29.86,3642
29.86,4607
29.87,4071
29.88,5366
29.88,4650
29.89,4471
29.89,4072
29.90,4476
29.91,5388
29.91,5648
29.92,5447
29.93,4700
29.93,3950
29.94,4305
29.94,4233
29.95,3776
29.96,4032
29.96,4268
29.97,4062
29.97,3815
29.98,3181
29.99,3411
29.99,3942
30.00,3657
30.00,3374
30.01,4042
30.02,3543
30.02,4062
30.03,3201
30.03,4534
30.04,5361
30.05,4546
30.05,4347
30.06,3877
30.06,3378
30.07,4805
30.08,4341
30.08,4235
30.09,4427
30.09,3745
30.10,4703
30.11,3920
30.11,4250
30.12,4285
30.12,4509
30.13,3468
30.14,3725
30.14,5165
30.15,3934
30.15,4366
30.16,4300
30.17,4155
30.17,3599
30.18,4243
30.18,3852
30.19,4771
30.20,4219
30.20,4297
30.21,4091
30.22,4324
30.22,2479
30.23,3764
30.23,3895
30.24,3973
30.25,3481
30.25,3156
30.26,3362
30.26,3734
30.27,3531
30.28,3295
30.28,3987
30.29,4294
30.29,4738
30.30,3729
30.31,3728
30.31,4571
30.32,3460
30.32,3605
30.33,3226
30.34,3751
30.34,3327
30.35,4194
30.35,3448
30.36,3931
30.37,3898
30.37,3535
30.38,3994
30.38,3967
30.39,3529
30.40,4098
30.40,3767
30.41,4098
30.41,4406
30.42,5163
30.43,5034
30.43,4784
30.44,4917
30.44,5633
30.45,6907
30.46,6615
30.46,7598
30.47,7399
30.48,7040
30.48,6967
30.49,6738
30.49,7271
30.50,8213
30.51,8740
30.51,9760
30.52,9809
30.52,8659
30.53,9471
30.54,9399
30.54,10001
30.55,8913
30.55,8127
30.56,7427
30.57,8645
30.57,8334
30.58,7698
30.58,9306
30.59,8691
30.60,9687
30.60,9642
30.61,10826
30.61,12773
30.62,14137
30.63,16074
30.63,14983
30.64,15292
30.64,17838
30.65,15343
30.66,13963
30.66,13848
30.67,15071
30.67,12855
30.68,12302
30.69,11873
30.69,11578
30.70,9233
30.70,10628
30.71,8454
30.72,8783
30.72,9578
30.73,8316
30.73,8312
30.74,8327
30.75,7858
30.75,7956
30.76,7799
30.77,7137
30.77,7735
30.78,6677
30.78,7392
30.79,6867
30.80,7477
30.80,6800
30.81,6392
30.81,5871
30.82,5889
30.83,6658
30.83,6314
30.84,5752
30.84,6233
30.85,6126
30.86,6277
30.86,4827
30.87,6022
30.87,5436
30.88,6257
30.89,5618
30.89,5462
30.90,5100
30.90,5819
30.91,6825
30.92,8441
30.92,7254
30.93,7860
30.93,8356
30.94,7530
30.95,7281
30.95,7052
30.96,5947
30.96,6361
30.97,5597
30.98,5248
30.98,5158
30.99,4438
30.99,4203
31.00,5640
31.01,4380
31.01,4554
31.02,5226
31.02,5583
31.03,6614
31.04,6449
31.04,5223
31.05,4160
31.06,5468
31.06,5457
31.07,5783
31.07,5720
31.08,5719
31.09,5565
31.09,5833
31.10,6076
31.10,5105
31.11,5212
31.12,5225
31.12,4533
31.13,4912
31.13,3847
31.14,4766
31.15,5929
31.15,4503
31.16,4463
31.16,4863
31.17,4849
31.18,3723
31.18,3921
31.19,4239
31.19,4242
31.20,4549
31.21,3939
31.21,4163
31.22,4206
31.22,4046
31.23,4212
31.24,3854
31.24,4161
31.25,3916
31.25,3195
31.26,3590
31.27,3945
31.27,3874
31.28,4105
31.28,3903
31.29,4007
31.30,4519
31.30,3966
31.31,4646
31.31,3532
31.32,4687
31.33,4557
31.33,4554
31.34,4648
31.35,5158
31.35,4598
31.36,3591
31.36,4625
31.37,4217
31.38,4558
31.38,4844
31.39,4829
31.39,4583
31.40,5634
31.41,5754
31.41,5433
31.42,6401
31.42,6303
31.43,6762
31.44,5393
31.44,5064
31.45,4642
31.45,5094
31.46,4209
31.47,4147
31.47,4436
31.48,4300
31.48,3436
31.49,3807
31.50,4460
31.50,3847
31.51,3895
31.51,3532
31.52,3754
31.53,4185
31.53,4433
31.54,3769
31.54,5401
31.55,4562
31.56,5745
31.56,7042
31.57,5109
31.57,6385
31.58,7762
31.59,8070
31.59,7210
31.60,7945
31.60,8221
31.61,8908
31.62,7442
31.62,6614
31.63,6936
31.64,5755
31.64,5425
31.65,5882
31.65,4591
31.66,5521
31.67,4448
31.67,4059
31.68,4183
31.68,4001
31.69,3937
31.70,3928
31.70,3650
31.71,3251
31.71,3530
31.72,4559
31.73,4269
31.73,4455
31.74,2827
31.74,4277
31.75,3331
31.76,3021
31.76,4631
31.77,3582
31.77,3792
31.78,3213
31.79,3795
31.79,3081
31.80,2973
31.80,3243
31.81,3165
31.82,2842
31.82,3485
31.83,3249
31.83,2938
31.84,3310
31.85,3368
31.85,2516
31.86,3159
31.86,4412
31.87,4317
31.88,5370
31.88,5839
31.89,5874
31.89,6192
31.90,7130
31.91,6935
31.91,5254
31.92,5272
31.93,5173
31.93,3723
31.94,4913
31.94,3376
31.95,5005
31.96,4988
31.96,4733
31.97,4987
31.97,6099
31.98,8536
31.99,12010
31.99,17773
32.00,24120
32.00,30005
32.01,38107
32.02,42052
32.02,43600
32.03,44581
32.03,40117
32.04,35565
32.05,29518
32.05,24233
32.06,21478
32.06,18327
32.07,15844
32.08,14119
32.08,11161
32.09,10670
32.09,10032
32.10,7863
32.11,8556
32.11,7297
32.12,7048
32.12,9127
32.13,7752
32.14,9012
32.14,7458
32.15,9084
32.15,8881
32.16,9496
32.17,10335
32.17,10541
32.18,10513
32.18,10404
32.19,11108
32.20,10343
32.20,9546
32.21,9037
32.22,8757
32.22,8370
32.23,6667
32.23,6441
32.24,5953
32.25,5049
32.25,5929
32.26,6259
32.26,5184
32.27,5675
32.28,5507
32.28,5439
32.29,5525
32.29,5217
32.30,5221
32.31,5135
32.31,4563
32.32,4617
32.32,4963
32.33,4332
32.34,4257
32.34,3959
32.35,4665
32.35,4291
32.36,4630
32.37,4749
32.37,3489
32.38,3861
32.38,4372
32.39,3950
32.40,3630
32.40,3672
32.41,3927
32.41,3954
32.42,3726
32.43,2963
32.43,3306
32.44,3913
32.44,4424
32.45,3450
32.46,3444
32.46,2914
32.47,4310
32.47,3307
32.48,3417
32.49,4041
32.49,3780
,
Baseline,
2.98,0
2.98,0
2.99,0
3.00,0
3.00,0
3.01,0
3.01,0
3.02,0
3.03,0
3.03,0
3.04,0
3.04,0
3.05,0
3.06,0
3.06,0
3.07,0
3.07,0
3.08,0
3.09,0
3.09,0
3.10,0
3.10,0
3.11,0
3.12,0
3.12,0
3.13,0
3.14,0
3.14,0
3.15,0
3.15,0
3.16,0
3.17,0
3.17,0
3.18,0
3.18,0
3.19,0
3.20,0
3.20,0
3.21,0
3.21,0
3.22,0
3.23,0
3.23,0
3.24,0
3.24,0
3.25,0
3.26,0
3.26,0
3.27,0
3.27,0
3.28,0
3.29,0
3.29,0
3.30,0
3.30,0
3.31,0
3.32,0
3.32,0
3.33,0
3.33,0
3.34,0
3.35,0
3.35,0
3.36,0
3.36,0
3.37,0
3.38,0
3.38,0
3.39,0
3.39,0
3.40,0
3.41,0
3.41,0
3.42,0
3.43,0
3.43,0
3.44,0
3.44,0
3.45,0
3.46,0
3.46,0
3.47,0
3.47,0
3.48,0
3.49,0
3.49,0
3.50,0
3.50,0
3.51,0
3.52,0
3.52,0
3.53,0
3.53,0
3.54,0
3.55,0
3.55,0
3.56,0
3.56,0
3.57,0
3.58,0
3.58,0
3.59,0
3.59,0
3.60,0
3.61,0
3.61,0
3.62,0
3.62,0
3.63,0
3.64,0
3.64,0
3.65,0
3.65,0
3.66,0
3.67,0
3.67,0
3.68,0
3.68,0
3.69,0
3.70,0
3.70,0
3.71,0
3.72,0
3.72,0
3.73,0
3.73,0
3.74,0
3.75,0
3.75,0
3.76,0
3.76,0
3.77,0
3.78,0
3.78,0
3.79,0
3.79,0
3.80,0
3.81,0
3.81,0
3.82,0
3.82,0
3.83,0
3.84,0
3.84,0
3.85,0
3.85,0
3.86,0
3.87,0
3.87,0
3.88,0
3.88,0
3.89,0
3.90,0
3.90,0
3.91,0
3.91,0
3.92,0
3.93,0
3.93,0
3.94,0
3.94,0
3.95,0
3.96,0
3.96,0
3.97,0
3.97,0
3.98,0
3.99,0
3.99,0
4.00,0
4.01,0
4.01,0
4.02,0
4.02,0
4.03,0
4.04,0
4.04,0
4.05,0
4.05,0
4.06,0
4.07,0
4.07,0
4.08,0
4.08,0
4.09,0
4.10,0
4.10,0
4.11,0
4.11,0
4.12,0
4.13,0
4.13,0
4.14,0
4.14,0
4.15,0
4.16,0
4.16,0
4.17,0
4.17,0
4.18,0
4.19,0
4.19,0
4.20,0
4.20,0
4.21,0
4.22,0
4.22,0
4.23,0
4.23,0
4.24,0
4.25,0
4.25,0
4.26,0
4.26,0
4.27,0
4.28,0
4.28,0
4.29,0
4.30,0
4.30,0
4.31,0
4.31,0
4.32,0
4.33,0
4.33,0
4.34,0
4.34,0
4.35,0
4.36,0
4.36,0
4.37,0
4.37,0
4.38,0
4.39,0
4.39,0
4.40,0
4.40,0
4.41,0
4.42,0
4.42,0
4.43,0
4.43,0
4.44,0
4.45,0
4.45,0
4.46,0
4.46,0
4.47,0
4.48,0
4.48,0
4.49,0
4.49,0
4.50,0
4.51,0
4.51,0
4.52,0
4.52,0
4.53,0
4.54,0
4.54,0
4.55,0
4.55,0
4.56,0
4.57,0
4.57,0
4.58,0
4.59,0
4.59,0
4.60,0
4.60,0
4.61,0
4.62,0
4.62,0
4.63,0
4.63,0
4.64,0
4.65,0
4.65,0
4.66,0
4.66,0
4.67,0
4.68,0
4.68,0
4.69,0
4.69,0
4.70,0
4.71,0
4.71,0
4.72,0
4.72,0
4.73,0
4.74,0
4.74,0
4.75,0
4.75,0
4.76,0
4.77,0
4.77,0
4.78,0
4.78,0
4.79,0
4.80,0
4.80,0
4.81,0
4.81,0
4.82,0
4.83,0
4.83,0
4.84,0
4.84,0
4.85,0
4.86,0
4.86,0
4.87,0
4.88,0
4.88,0
4.89,0
4.89,0
4.90,0
4.91,0
4.91,0
4.92,0
4.92,0
4.93,0
4.94,0
4.94,0
4.95,0
4.95,0
4.96,0
4.97,0
4.97,0
4.98,0
4.98,0
4.99,0
5.00,0
5.00,0
5.01,0
5.01,0
5.02,0
5.03,0
5.03,0
5.04,0
5.04,0
5.05,0
5.06,0
5.06,0
5.07,0
5.07,0
5.08,0
5.09,0
5.09,0
5.10,0
5.10,0
5.11,0
5.12,0
5.12,0
5.13,0
5.13,0
5.14,0
5.15,0
5.15,0
5.16,0
5.17,0
5.17,0
5.18,0
5.18,0
5.19,0
5.20,0
5.20,0
5.21,0
5.21,0
5.22,0
5.23,0
5.23,0
5.24,0
5.24,0
5.25,0
5.26,0
5.26,0
5.27,0
5.27,0
5.28,0
5.29,0
5.29,0
5.30,0
5.30,0
5.31,0
5.32,0
5.32,0
5.33,0
5.33,0
5.34,0
5.35,0
5.35,0
5.36,0
5.36,0
5.37,0
5.38,0
5.38,0
5.39,0
5.39,0
5.40,0
5.41,0
5.41,0
5.42,0
5.43,0
5.43,0
5.44,0
5.44,0
5.45,0
5.46,0
5.46,0
5.47,0
5.47,0
5.48,0
5.49,0
5.49,0
5.50,0
5.50,0
5.51,0
5.52,0
5.52,0
5.53,0
5.53,0
5.54,0
5.55,0
5.55,0
5.56,0
5.56,0
5.57,0
5.58,0
5.58,0
5.59,0
5.59,0
5.60,0
5.61,0
5.61,0
5.62,0
5.62,0
5.63,0
5.64,0
5.64,0
5.65,0
5.65,0
5.66,0
5.67,0
5.67,0
5.68,0
5.68,0
5.69,0
5.70,0
5.70,0
5.71,0
5.72,0
5.72,0
5.73,0
5.73,0
5.74,0
5.75,0
5.75,0
5.76,0
5.76,0
5.77,0
5.78,0
5.78,0
5.79,0
5.79,0
5.80,0
5.81,0
5.81,0
5.82,0
5.82,0
5.83,0
5.84,0
5.84,0
5.85,0
5.85,0
5.86,0
5.87,0
5.87,0
5.88,0
5.88,0
5.89,0
5.90,0
5.90,0
5.91,0
5.91,0
5.92,0
5.93,0
5.93,0
5.94,0
5.94,0
5.95,0
5.96,0
5.96,0
5.97,0
5.97,0
5.98,0
5.99,0
5.99,0
6.00,0
6.01,0
6.01,0
6.02,0
6.02,0
6.03,0
6.04,0
6.04,0
6.05,0
6.05,0
6.06,0
6.07,0
6.07,0
6.08,0
6.08,0
6.09,0
6.10,0
6.10,0
6.11,0
6.11,0
6.12,0
6.13,0
6.13,0
6.14,0
6.14,0
6.15,0
6.16,0
6.16,0
6.17,0
6.17,0
6.18,0
6.19,0
6.19,0
6.20,0
6.20,0
6.21,0
6.22,0
6.22,0
6.23,0
6.23,0
6.24,0
6.25,0
6.25,0
6.26,0
6.26,0
6.27,0
6.28,0
6.28,0
6.29,0
6.30,0
6.30,0
6.31,0
6.31,0
6.32,0
6.33,0
6.33,0
6.34,0
6.34,0
6.35,0
6.36,0
6.36,0
6.37,0
6.37,0
6.38,0
6.39,0
6.39,0
6.40,0
6.40,0
6.41,0
6.42,0
6.42,0
6.43,0
6.43,0
6.44,0
6.45,0
6.45,0
6.46,0
6.46,0
6.47,0
6.48,0
6.48,0
6.49,0
6.49,0
6.50,0
6.51,0
6.51,0
6.52,0
6.52,0
6.53,0
6.54,0
6.54,0
6.55,0
6.55,0
6.56,0
6.57,0
6.57,0
6.58,0
6.59,0
6.59,0
6.60,0
6.60,0
6.61,0
6.62,0
6.62,0
6.63,0
6.63,0
6.64,0
6.65,0
6.65,0
6.66,0
6.66,0
6.67,0
6.68,0
6.68,0
6.69,0
6.69,0
6.70,0
6.71,0
6.71,0
6.72,0
6.72,0
6.73,0
6.74,0
6.74,0
6.75,0
6.75,0
6.76,0
6.77,0
6.77,0
6.78,0
6.78,0
6.79,0
6.80,0
6.80,0
6.81,0
6.81,0
6.82,0
6.83,0
6.83,0
6.84,0
6.84,0
6.85,0
6.86,0
6.86,0
6.87,0
6.88,0
6.88,0
6.89,0
6.89,0
6.90,0
6.91,0
6.91,0
6.92,0
6.92,0
6.93,0
6.94,0
6.94,0
6.95,0
6.95,0
6.96,0
6.97,0
6.97,0
6.98,0
6.98,0
6.99,0
7.00,0
7.00,0
7.01,0
7.01,0
7.02,0
7.03,0
7.03,0
7.04,0
7.04,0
7.05,0
7.06,0
7.06,0
7.07,0
7.07,0
7.08,0
7.09,0
7.09,0
7.10,0
7.10,0
7.11,0
7.12,0
7.12,0
7.13,0
7.13,0
7.14,0
7.15,0
7.15,0
7.16,0
7.17,0
7.17,0
7.18,0
7.18,0
7.19,0
7.20,0
7.20,0
7.21,0
7.21,0
7.22,0
7.23,0
7.23,0
7.24,0
7.24,0
7.25,0
7.26,0
7.26,0
7.27,0
7.27,0
7.28,0
7.29,0
7.29,0
7.30,0
7.30,0
7.31,0
7.32,0
7.32,0
7.33,0
7.33,0
7.34,0
7.35,0
7.35,0
7.36,0
7.36,0
7.37,0
7.38,0
7.38,0
7.39,0
7.39,0
7.40,0
7.41,0
7.41,0
7.42,0
7.42,0
7.43,0
7.44,0
7.44,0
7.45,0
7.46,0
7.46,0
7.47,0
7.47,0
7.48,0
7.49,0
7.49,0
7.50,0
7.50,0
7.51,0
7.52,0
7.52,0
7.53,0
7.53,0
7.54,0
7.55,0
7.55,0
7.56,0
7.56,0
7.57,0
7.58,0
7.58,0
7.59,0
7.59,0
7.60,0
7.61,0
7.61,0
7.62,0
7.62,0
7.63,0
7.64,0
7.64,0
7.65,0
7.65,0
7.66,0
7.67,0
7.67,0
7.68,0
7.68,0
7.69,0
7.70,0
7.70,0
7.71,0
7.71,0
7.72,0
7.73,0
7.73,0
7.74,0
7.75,0
7.75,0
7.76,0
7.76,0
7.77,0
7.78,0
7.78,0
7.79,0
7.79,0
7.80,0
7.81,0
7.81,0
7.82,0
7.82,0
7.83,0
7.84,0
7.84,0
7.85,0
7.85,0
7.86,0
7.87,0
7.87,0
7.88,0
7.88,0
7.89,0
7.90,0
7.90,0
7.91,0
7.91,0
7.92,0
7.93,0
7.93,0
7.94,0
7.94,0
7.95,0
7.96,0
7.96,0
7.97,0
7.97,0
7.98,0
7.99,0
7.99,0
8.00,0
8.00,0
8.01,0
8.02,0
8.02,0
8.03,0
8.04,0
8.04,0
8.05,0
8.05,0
8.06,0
8.07,0
8.07,0
8.08,0
8.08,0
8.09,0
8.10,0
8.10,0
8.11,0
8.11,0
8.12,0
8.13,0
8.13,0
8.14,0
8.14,0
8.15,0
8.16,0
8.16,0
8.17,0
8.17,0
8.18,0
8.19,0
8.19,0
8.20,0
8.20,0
8.21,0
8.22,0
8.22,0
8.23,0
8.23,0
8.24,0
8.25,0
8.25,0
8.26,0
8.26,0
8.27,0
8.28,0
8.28,0
8.29,0
8.29,0
8.30,0
8.31,0
8.31,0
8.32,0
8.33,0
8.33,0
8.34,0
8.34,0
8.35,0
8.36,0
8.36,0
8.37,0
8.37,0
8.38,0
8.39,0
8.39,0
8.40,0
8.40,0
8.41,0
8.42,0
8.42,0
8.43,0
8.43,0
8.44,0
8.45,0
8.45,0
8.46,0
8.46,0
8.47,0
8.48,0
8.48,0
8.49,0
8.49,0
8.50,0
8.51,0
8.51,0
8.52,0
8.52,0
8.53,0
8.54,0
8.54,0
8.55,0
8.55,0
8.56,0
8.57,0
8.57,0
8.58,0
8.58,0
8.59,0
8.60,0
8.60,0
8.61,0
8.62,0
8.62,0
8.63,0
8.63,0
8.64,0
8.65,0
8.65,0
8.66,0
8.66,0
8.67,0
8.68,0
8.68,0
8.69,0
8.69,0
8.70,0
8.71,0
8.71,0
8.72,0
8.72,0
8.73,0
8.74,0
8.74,0
8.75,0
8.75,0
8.76,0
8.77,0
8.77,0
8.78,0
8.78,0
8.79,0
8.80,0
8.80,0
8.81,0
8.81,0
8.82,0
8.83,0
8.83,0
8.84,0
8.84,0
8.85,0
8.86,0
8.86,0
8.87,0
8.87,0
8.88,0
8.89,0
8.89,0
8.90,0
8.91,0
8.91,0
8.92,0
8.92,0
8.93,0
8.94,0
8.94,0
8.95,0
8.95,0
8.96,0
8.97,0
8.97,0
8.98,0
8.98,0
8.99,0
9.00,0
9.00,0
9.01,0
9.01,0
9.02,0
9.03,0
9.03,0
9.04,0
9.04,0
9.05,0
9.06,0
9.06,0
9.07,0
9.07,0
9.08,0
9.09,0
9.09,0
9.10,0
9.10,0
9.11,0
9.12,0
9.12,0
9.13,0
9.13,0
9.14,0
9.15,0
9.15,0
9.16,0
9.16,0
9.17,0
9.18,0
9.18,0
9.19,0
9.20,0
9.20,0
9.21,0
9.21,0
9.22,0
9.23,0
9.23,0
9.24,0
9.24,0
9.25,0
9.26,0
9.26,0
9.27,0
9.27,0
9.28,0
9.29,0
9.29,0
9.30,0
9.30,0
9.31,0
9.32,0
9.32,0
9.33,0
9.33,0
9.34,0
9.35,0
9.35,0
9.36,0
9.36,0
9.37,0
9.38,0
9.38,0
9.39,0
9.39,0
9.40,0
9.41,0
9.41,0
9.42,0
9.42,0
9.43,0
9.44,0
9.44,0
9.45,0
9.46,0
9.46,0
9.47,0
9.47,0
9.48,0
9.49,0
9.49,0
9.50,0
9.50,0
9.51,0
9.52,0
9.52,0
9.53,0
9.53,0
9.54,0
9.55,0
9.55,0
9.56,0
9.56,0
9.57,0
9.58,0
9.58,0
9.59,0
9.59,0
9.60,0
9.61,0
9.61,0
9.62,0
9.62,0
9.63,0
9.64,0
9.64,0
9.65,0
9.65,0
9.66,0
9.67,0
9.67,0
9.68,0
9.68,0
9.69,0
9.70,0
9.70,0
9.71,0
9.71,0
9.72,0
9.73,0
9.73,0
9.74,0
9.75,0
9.75,0
9.76,0
9.76,0
9.77,0
9.78,0
9.78,0
9.79,0
9.79,0
9.80,0
9.81,0
9.81,0
9.82,0
9.82,0
9.83,0
9.84,0
9.84,0
9.85,0
9.85,0
9.86,0
9.87,0
9.87,0
9.88,0
9.88,0
9.89,0
9.90,0
9.90,0
9.91,0
9.91,0
9.92,0
9.93,0
9.93,0
9.94,0
9.94,0
9.95,0
9.96,0
9.96,0
9.97,0
9.97,0
9.98,0
9.99,0
9.99,0
10.00,0
10.00,0
10.01,0
10.02,0
10.02,0
10.03,0
10.04,0
10.04,0
10.05,0
10.05,0
10.06,0
10.07,0
10.07,0
10.08,0
10.08,0
10.09,0
10.10,0
10.10,0
10.11,0
10.11,0
10.12,0
10.13,0
10.13,0
10.14,0
10.14,0
10.15,0
10.16,0
10.16,0
10.17,0
10.17,0
10.18,0
10.19,0
10.19,0
10.20,0
10.20,0
10.21,0
10.22,0
10.22,0
10.23,0
10.23,0
10.24,0
10.25,0
10.25,0
10.26,0
10.26,0
10.27,0
10.28,0
10.28,0
10.29,0
10.29,0
10.30,0
10.31,0
10.31,0
10.32,0
10.33,0
10.33,0
10.34,0
10.34,0
10.35,0
10.36,0
10.36,0
10.37,0
10.37,0
10.38,0
10.39,0
10.39,0
10.40,0
10.40,0
10.41,0
10.42,0
10.42,0
10.43,0
10.43,0
10.44,0
10.45,0
10.45,0
10.46,0
10.46,0
10.47,0
10.48,0
10.48,0
10.49,0
10.49,0
10.50,0
10.51,0
10.51,0
10.52,0
10.52,0
10.53,0
10.54,0
10.54,0
10.55,0
10.55,0
10.56,0
10.57,0
10.57,0
10.58,0
10.58,0
10.59,0
10.60,0
10.60,0
10.61,0
10.62,0
10.62,0
10.63,0
10.63,0
10.64,0
10.65,0
10.65,0
10.66,0
10.66,0
10.67,0
10.68,0
10.68,0
10.69,0
10.69,0
10.70,0
10.71,0
10.71,0
10.72,0
10.72,0
10.73,0
10.74,0
10.74,0
10.75,0
10.75,0
10.76,0
10.77,0
10.77,0
10.78,0
10.78,0
10.79,0
10.80,0
10.80,0
10.81,0
10.81,0
10.82,0
10.83,0
10.83,0
10.84,0
10.84,0
10.85,0
10.86,0
10.86,0
10.87,0
10.87,0
10.88,0
10.89,0
10.89,0
10.90,0
10.91,0
10.91,0
10.92,0
10.92,0
10.93,0
10.94,0
10.94,0
10.95,0
10.95,0
10.96,0
10.97,0
10.97,0
10.98,0
10.98,0
10.99,0
11.00,0
11.00,0
11.01,0
11.01,0
11.02,0
11.03,0
11.03,0
11.04,0
11.04,0
11.05,0
11.06,0
11.06,0
11.07,0
11.07,0
11.08,0
11.09,0
11.09,0
11.10,0
11.10,0
11.11,0
11.12,0
11.12,0
11.13,0
11.13,0
11.14,0
11.15,0
11.15,0
11.16,0
11.16,0
11.17,0
11.18,0
11.18,0
11.19,0
11.20,0
11.20,0
11.21,0
11.21,0
11.22,0
11.23,0
11.23,0
11.24,0
11.24,0
11.25,0
11.26,0
11.26,0
11.27,0
11.27,0
11.28,0
11.29,0
11.29,0
11.30,0
11.30,0
11.31,0
11.32,0
11.32,0
11.33,0
11.33,0
11.34,0
11.35,0
11.35,0
11.36,0
11.36,0
11.37,0
11.38,0
11.38,0
11.39,0
11.39,0
11.40,0
11.41,0
11.41,0
11.42,0
11.42,0
11.43,0
11.44,0
11.44,0
11.45,0
11.45,0
11.46,0
11.47,0
11.47,0
11.48,0
11.49,0
11.49,0
11.50,0
11.50,0
11.51,0
11.52,0
11.52,0
11.53,0
11.53,0
11.54,0
11.55,0
11.55,0
11.56,0
11.56,0
11.57,0
11.58,0
11.58,0
11.59,0
11.59,0
11.60,0
11.61,0
11.61,0
11.62,0
11.62,0
11.63,0
11.64,0
11.64,0
11.65,0
11.65,0
11.66,0
11.67,0
11.67,0
11.68,0
11.68,0
11.69,0
11.70,0
11.70,0
11.71,0
11.71,0
11.72,0
11.73,0
11.73,0
11.74,0
11.74,0
11.75,0
11.76,0
11.76,0
11.77,0
11.78,0
11.78,0
11.79,0
11.79,0
11.80,0
11.81,0
11.81,0
11.82,0
11.82,0
11.83,0
11.84,0
11.84,0
11.85,0
11.85,0
11.86,0
11.87,0
11.87,0
11.88,0
11.88,0
11.89,0
11.90,0
11.90,0
11.91,0
11.91,0
11.92,0
11.93,0
11.93,0
11.94,0
11.94,0
11.95,0
11.96,0
11.96,0
11.97,0
11.97,0
11.98,0
11.99,0
11.99,0
12.00,0
12.00,0
12.01,0
12.02,0
12.02,0
12.03,0
12.03,0
12.04,0
12.05,0
12.05,0
12.06,0
12.07,0
12.07,0
12.08,0
12.08,0
12.09,0
12.10,0
12.10,0
12.11,0
12.11,0
12.12,0
12.13,0
12.13,0
12.14,0
12.14,0
12.15,0
12.16,0
12.16,0
12.17,0
12.17,0
12.18,0
12.19,0
12.19,0
12.20,0
12.20,0
12.21,0
12.22,0
12.22,0
12.23,0
12.23,0
12.24,0
12.25,0
12.25,0
12.26,0
12.26,0
12.27,0
12.28,0
12.28,0
12.29,0
12.29,0
12.30,0
12.31,0
12.31,0
12.32,0
12.32,0
12.33,0
12.34,0
12.34,0
12.35,0
12.36,0
12.36,0
12.37,0
12.37,0
12.38,0
12.39,0
12.39,0
12.40,0
12.40,0
12.41,0
12.42,0
12.42,0
12.43,0
12.43,0
12.44,0
12.45,0
12.45,0
12.46,0
12.46,0
12.47,0
12.48,0
12.48,0
12.49,0
12.49,0
12.50,0
12.51,0
12.51,0
12.52,0
12.52,0
12.53,0
12.54,0
12.54,0
12.55,0
12.55,0
12.56,0
12.57,0
12.57,0
12.58,0
12.58,0
12.59,0
12.60,0
12.60,0
12.61,0
12.61,0
12.62,0
12.63,0
12.63,0
12.64,0
12.65,0
12.65,0
12.66,0
12.66,0
12.67,0
12.68,0
12.68,0
12.69,0
12.69,0
12.70,0
12.71,0
12.71,0
12.72,0
12.72,0
12.73,0
12.74,0
12.74,0
12.75,0
12.75,0
12.76,0
12.77,0
12.77,0
12.78,0
12.78,0
12.79,0
12.80,0
12.80,0
12.81,0
12.81,0
12.82,0
12.83,0
12.83,0
12.84,0
12.84,0
12.85,0
12.86,0
12.86,0
12.87,0
12.87,0
12.88,0
12.89,0
12.89,0
12.90,0
12.90,0
12.91,0
12.92,0
12.92,0
12.93,0
12.94,0
12.94,0
12.95,0
12.95,0
12.96,0
12.97,0
12.97,0
12.98,0
12.98,0
12.99,0
13.00,0
13.00,0
13.01,0
13.01,0
13.02,0
13.03,0
13.03,0
13.04,0
13.04,0
13.05,0
13.06,0
13.06,0
13.07,0
13.07,0
13.08,0
13.09,0
13.09,0
13.10,0
13.10,0
13.11,0
13.12,0
13.12,0
13.13,0
13.13,0
13.14,0
13.15,0
13.15,0
13.16,0
13.16,0
13.17,0
13.18,0
13.18,0
13.19,0
13.19,0
13.20,0
13.21,0
13.21,0
13.22,0
13.23,0
13.23,0
13.24,0
13.24,0
13.25,0
13.26,0
13.26,0
13.27,0
13.27,0
13.28,0
13.29,0
13.29,0
13.30,0
13.30,0
13.31,0
13.32,0
13.32,0
13.33,0
13.33,0
13.34,0
13.35,0
13.35,0
13.36,0
13.36,0
13.37,0
13.38,0
13.38,0
13.39,0
13.39,0
13.40,0
13.41,0
13.41,0
13.42,0
13.42,0
13.43,0
13.44,0
13.44,0
13.45,0
13.45,0
13.46,0
13.47,0
13.47,0
13.48,0
13.48,0
13.49,0
13.50,0
13.50,0
13.51,0
13.52,0
13.52,0
13.53,0
13.53,0
13.54,0
13.55,0
13.55,0
13.56,0
13.56,0
13.57,0
13.58,0
13.58,0
13.59,0
13.59,0
13.60,0
13.61,0
13.61,0
13.62,0
13.62,0
13.63,0
13.64,0
13.64,0
13.65,0
13.65,0
13.66,0
13.67,0
13.67,0
13.68,0
13.68,0
13.69,0
13.70,0
13.70,0
13.71,0
13.71,0
13.72,0
13.73,0
13.73,0
13.74,0
13.74,0
13.75,0
13.76,0
13.76,0
13.77,0
13.78,0
13.78,0
13.79,0
13.79,0
13.80,0
13.81,0
13.81,0
13.82,0
13.82,0
13.83,0
13.84,0
13.84,0
13.85,0
13.85,0
13.86,0
13.87,0
13.87,0
13.88,0
13.88,0
13.89,0
13.90,0
13.90,0
13.91,0
13.91,0
13.92,0
13.93,0
13.93,0
13.94,0
13.94,0
13.95,0
13.96,0
13.96,0
13.97,0
13.97,0
13.98,0
13.99,0
13.99,0
14.00,0
14.00,0
14.01,0
14.02,0
14.02,0
14.03,0
14.03,0
14.04,0
14.05,0
14.05,0
14.06,0
14.07,0
14.07,0
14.08,0
14.08,0
14.09,0
14.10,0
14.10,0
14.11,0
14.11,0
14.12,0
14.13,0
14.13,0
14.14,0
14.14,0
14.15,0
14.16,0
14.16,0
14.17,0
14.17,0
14.18,0
14.19,0
14.19,0
14.20,0
14.20,0
14.21,0
14.22,0
14.22,0
14.23,0
14.23,0
14.24,0
14.25,0
14.25,0
14.26,0
14.26,0
14.27,0
14.28,0
14.28,0
14.29,0
14.29,0
14.30,0
14.31,0
14.31,0
14.32,0
14.32,0
14.33,0
14.34,0
14.34,0
14.35,0
14.36,0
14.36,0
14.37,0
14.37,0
14.38,0
14.39,0
14.39,0
14.40,0
14.40,0
14.41,0
14.42,0
14.42,0
14.43,0
14.43,0
14.44,0
14.45,0
14.45,0
14.46,0
14.46,0
14.47,0
14.48,0
14.48,0
14.49,0
14.49,0
14.50,0
14.51,0
14.51,0
14.52,0
14.52,0
14.53,0
14.54,0
14.54,0
14.55,0
14.55,0
14.56,0
14.57,0
14.57,0
14.58,0
14.58,0
14.59,0
14.60,0
14.60,0
14.61,0
14.61,0
14.62,0
14.63,0
14.63,0
14.64,0
14.65,0
14.65,0
14.66,0
14.66,0
14.67,0
14.68,0
14.68,0
14.69,0
14.69,0
14.70,0
14.71,0
14.71,0
14.72,0
14.72,0
14.73,0
14.74,0
14.74,0
14.75,0
14.75,0
14.76,0
14.77,0
14.77,0
14.78,0
14.78,0
14.79,0
14.80,0
14.80,0
14.81,0
14.81,0
14.82,0
14.83,0
14.83,0
14.84,0
14.84,0
14.85,0
14.86,0
14.86,0
14.87,0
14.87,0
14.88,0
14.89,0
14.89,0
14.90,0
14.90,0
14.91,0
14.92,0
14.92,0
14.93,0
14.94,0
14.94,0
14.95,0
14.95,0
14.96,0
14.97,0
14.97,0
14.98,0
14.98,0
14.99,0
15.00,0
15.00,0
15.01,0
15.01,0
15.02,0
15.03,0
15.03,0
15.04,0
15.04,0
15.05,0
15.06,0
15.06,0
15.07,0
15.07,0
15.08,0
15.09,0
15.09,0
15.10,0
15.10,0
15.11,0
15.12,0
15.12,0
15.13,0
15.13,0
15.14,0
15.15,0
15.15,0
15.16,0
15.16,0
15.17,0
15.18,0
15.18,0
15.19,0
15.19,0
15.20,0
15.21,0
15.21,0
15.22,0
15.23,0
15.23,0
15.24,0
15.24,0
15.25,0
15.26,0
15.26,0
15.27,0
15.27,0
15.28,0
15.29,0
15.29,0
15.30,0
15.30,0
15.31,0
15.32,0
15.32,0
15.33,0
15.33,0
15.34,0
15.35,0
15.35,0
15.36,0
15.36,0
15.37,0
15.38,0
15.38,0
15.39,0
15.39,0
15.40,0
15.41,0
15.41,0
15.42,0
15.42,0
15.43,0
15.44,0
15.44,0
15.45,0
15.45,0
15.46,0
15.47,0
15.47,0
15.48,0
15.48,0
15.49,0
15.50,0
15.50,0
15.51,0
15.52,0
15.52,0
15.53,0
15.53,0
15.54,0
15.55,0
15.55,0
15.56,0
15.56,0
15.57,0
15.58,0
15.58,0
15.59,0
15.59,0
15.60,0
15.61,0
15.61,0
15.62,0
15.62,0
15.63,0
15.64,0
15.64,0
15.65,0
15.65,0
15.66,0
15.67,0
15.67,0
15.68,0
15.68,0
15.69,0
15.70,0
15.70,0
15.71,0
15.71,0
15.72,0
15.73,0
15.73,0
15.74,0
15.74,0
15.75,0
15.76,0
15.76,0
15.77,0
15.77,0
15.78,0
15.79,0
15.79,0
15.80,0
15.81,0
15.81,0
15.82,0
15.82,0
15.83,0
15.84,0
15.84,0
15.85,0
15.85,0
15.86,0
15.87,0
15.87,0
15.88,0
15.88,0
15.89,0
15.90,0
15.90,0
15.91,0
15.91,0
15.92,0
15.93,0
15.93,0
15.94,0
15.94,0
15.95,0
15.96,0
15.96,0
15.97,0
15.97,0
15.98,0
15.99,0
15.99,0
16.00,0
16.00,0
16.01,0
16.02,0
16.02,0
16.03,0
16.03,0
16.04,0
16.05,0
16.05,0
16.06,0
16.06,0
16.07,0
16.08,0
16.08,0
16.09,0
16.10,0
16.10,0
16.11,0
16.11,0
16.12,0
16.13,0
16.13,0
16.14,0
16.14,0
16.15,0
16.16,0
16.16,0
16.17,0
16.17,0
16.18,0
16.19,0
16.19,0
16.20,0
16.20,0
16.21,0
16.22,0
16.22,0
16.23,0
16.23,0
16.24,0
16.25,0
16.25,0
16.26,0
16.26,0
16.27,0
16.28,0
16.28,0
16.29,0
16.29,0
16.30,0
16.31,0
16.31,0
16.32,0
16.32,0
16.33,0
16.34,0
16.34,0
16.35,0
16.35,0
16.36,0
16.37,0
16.37,0
16.38,0
16.39,0
16.39,0
16.40,0
16.40,0
16.41,0
16.42,0
16.42,0
16.43,0
16.43,0
16.44,0
16.45,0
16.45,0
16.46,0
16.46,0
16.47,0
16.48,0
16.48,0
16.49,0
16.49,0
16.50,0
16.51,0
16.51,0
16.52,0
16.52,0
16.53,0
16.54,0
16.54,0
16.55,0
16.55,0
16.56,0
16.57,0
16.57,0
16.58,0
16.58,0
16.59,0
16.60,0
16.60,0
16.61,0
16.61,0
16.62,0
16.63,0
16.63,0
16.64,0
16.64,0
16.65,0
16.66,0
16.66,0
16.67,0
16.68,0
16.68,0
16.69,0
16.69,0
16.70,0
16.71,0
16.71,0
16.72,0
16.72,0
16.73,0
16.74,0
16.74,0
16.75,0
16.75,0
16.76,0
16.77,0
16.77,0
16.78,0
16.78,0
16.79,0
16.80,0
16.80,0
16.81,0
16.81,0
16.82,0
16.83,0
16.83,0
16.84,0
16.84,0
16.85,0
16.86,0
16.86,0
16.87,0
16.87,0
16.88,0
16.89,0
16.89,0
16.90,0
16.90,0
16.91,0
16.92,0
16.92,0
16.93,0
16.93,0
16.94,0
16.95,0
16.95,0
16.96,0
16.97,0
16.97,0
16.98,0
16.98,0
16.99,0
17.00,0
17.00,0
17.01,0
17.01,0
17.02,0
17.03,0
17.03,0
17.04,0
17.04,0
17.05,0
17.06,0
17.06,0
17.07,0
17.07,0
17.08,0
17.09,0
17.09,0
17.10,0
17.10,0
17.11,0
17.12,0
17.12,0
17.13,0
17.13,0
17.14,0
17.15,0
17.15,0
17.16,0
17.16,0
17.17,0
17.18,0
17.18,0
17.19,0
17.19,0
17.20,0
17.21,0
17.21,0
17.22,0
17.22,0
17.23,0
17.24,0
17.24,0
17.25,0
17.26,0
17.26,0
17.27,0
17.27,0
17.28,0
17.29,0
17.29,0
17.30,0
17.30,0
17.31,0
17.32,0
17.32,0
17.33,0
17.33,0
17.34,0
17.35,0
17.35,0
17.36,0
17.36,0
17.37,0
17.38,0
17.38,0
17.39,0
17.39,0
17.40,0
17.41,0
17.41,0
17.42,0
17.42,0
17.43,0
17.44,0
17.44,0
17.45,0
17.45,0
17.46,0
17.47,0
17.47,0
17.48,0
17.48,0
17.49,0
17.50,0
17.50,0
17.51,0
17.52,0
17.52,0
17.53,0
17.53,0
17.54,0
17.55,0
17.55,0
17.56,0
17.56,0
17.57,0
17.58,0
17.58,0
17.59,0
17.59,0
17.60,0
17.61,0
17.61,0
17.62,0
17.62,0
17.63,0
17.64,0
17.64,0
17.65,0
17.65,0
17.66,0
17.67,0
17.67,0
17.68,0
17.68,0
17.69,0
17.70,0
17.70,0
17.71,0
17.71,0
17.72,0
17.73,0
17.73,0
17.74,0
17.74,0
17.75,0
17.76,0
17.76,0
17.77,0
17.77,0
17.78,0
17.79,0
17.79,0
17.80,0
17.81,0
17.81,0
17.82,0
17.82,0
17.83,0
17.84,0
17.84,0
17.85,0
17.85,0
17.86,0
17.87,0
17.87,0
17.88,0
17.88,0
17.89,0
17.90,0
17.90,0
17.91,0
17.91,0
17.92,0
17.93,0
17.93,0
17.94,0
17.94,0
17.95,0
17.96,0
17.96,0
17.97,0
17.97,0
17.98,0
17.99,0
17.99,0
18.00,0
18.00,0
18.01,0
18.02,0
18.02,0
18.03,0
18.03,0
18.04,0
18.05,0
18.05,0
18.06,0
18.06,0
18.07,0
18.08,0
18.08,0
18.09,0
18.10,0
18.10,0
18.11,0
18.11,0
18.12,0
18.13,0
18.13,0
18.14,0
18.14,0
18.15,0
18.16,0
18.16,0
18.17,0
18.17,0
18.18,0
18.19,0
18.19,0
18.20,0
18.20,0
18.21,0
18.22,0
18.22,0
18.23,0
18.23,0
18.24,0
18.25,0
18.25,0
18.26,0
18.26,0
18.27,0
18.28,0
18.28,0
18.29,0
18.29,0
18.30,0
18.31,0
18.31,0
18.32,0
18.32,0
18.33,0
18.34,0
18.34,0
18.35,0
18.35,0
18.36,0
18.37,0
18.37,0
18.38,0
18.39,0
18.39,0
18.40,0
18.40,0
18.41,0
18.42,0
18.42,0
18.43,0
18.43,0
18.44,0
18.45,0
18.45,0
18.46,0
18.46,0
18.47,0
18.48,0
18.48,0
18.49,0
18.49,0
18.50,0
18.51,0
18.51,0
18.52,0
18.52,0
18.53,0
18.54,0
18.54,0
18.55,0
18.55,0
18.56,0
18.57,0
18.57,0
18.58,0
18.58,0
18.59,0
18.60,0
18.60,0
18.61,0
18.61,0
18.62,0
18.63,0
18.63,0
18.64,0
18.64,0
18.65,0
18.66,0
18.66,0
18.67,0
18.68,0
18.68,0
18.69,0
18.69,0
18.70,0
18.71,0
18.71,0
18.72,0
18.72,0
18.73,0
18.74,0
18.74,0
18.75,0
18.75,0
18.76,0
18.77,0
18.77,0
18.78,0
18.78,0
18.79,0
18.80,0
18.80,0
18.81,0
18.81,0
18.82,0
18.83,0
18.83,0
18.84,0
18.84,0
18.85,0
18.86,0
18.86,0
18.87,0
18.87,0
18.88,0
18.89,0
18.89,0
18.90,0
18.90,0
18.91,0
18.92,0
18.92,0
18.93,0
18.93,0
18.94,0
18.95,0
18.95,0
18.96,0
18.97,0
18.97,0
18.98,0
18.98,0
18.99,0
19.00,0
19.00,0
19.01,0
19.01,0
19.02,0
19.03,0
19.03,0
19.04,0
19.04,0
19.05,0
19.06,0
19.06,0
19.07,0
19.07,0
19.08,0
19.09,0
19.09,0
19.10,0
19.10,0
19.11,0
19.12,0
19.12,0
19.13,0
19.13,0
19.14,0
19.15,0
19.15,0
19.16,0
19.16,0
19.17,0
19.18,0
19.18,0
19.19,0
19.19,0
19.20,0
19.21,0
19.21,0
19.22,0
19.22,0
19.23,0
19.24,0
19.24,0
19.25,0
19.26,0
19.26,0
19.27,0
19.27,0
19.28,0
19.29,0
19.29,0
19.30,0
19.30,0
19.31,0
19.32,0
19.32,0
19.33,0
19.33,0
19.34,0
19.35,0
19.35,0
19.36,0
19.36,0
19.37,0
19.38,0
19.38,0
19.39,0
19.39,0
19.40,0
19.41,0
19.41,0
19.42,0
19.42,0
19.43,0
19.44,0
19.44,0
19.45,0
19.45,0
19.46,0
19.47,0
19.47,0
19.48,0
19.48,0
19.49,0
19.50,0
19.50,0
19.51,0
19.51,0
19.52,0
19.53,0
19.53,0
19.54,0
19.55,0
19.55,0
19.56,0
19.56,0
19.57,0
19.58,0
19.58,0
19.59,0
19.59,0
19.60,0
19.61,0
19.61,0
19.62,0
19.62,0
19.63,0
19.64,0
19.64,0
19.65,0
19.65,0
19.66,0
19.67,0
19.67,0
19.68,0
19.68,0
19.69,0
19.70,0
19.70,0
19.71,0
19.71,0
19.72,0
19.73,0
19.73,0
19.74,0
19.74,0
19.75,0
19.76,0
19.76,0
19.77,0
19.77,0
19.78,0
19.79,0
19.79,0
19.80,0
19.80,0
19.81,0
19.82,0
19.82,0
19.83,0
19.84,0
19.84,0
19.85,0
19.85,0
19.86,0
19.87,0
19.87,0
19.88,0
19.88,0
19.89,0
19.90,0
19.90,0
19.91,0
19.91,0
19.92,0
19.93,0
19.93,0
19.94,0
19.94,0
19.95,0
19.96,0
19.96,0
19.97,0
19.97,0
19.98,0
19.99,0
19.99,0
20.00,0
20.00,0
20.01,0
20.02,0
20.02,0
20.03,0
20.03,0
20.04,0
20.05,0
20.05,0
20.06,0
20.06,0
20.07,0
20.08,0
20.08,0
20.09,0
20.09,0
20.10,0
20.11,0
20.11,0
20.12,0
20.13,0
20.13,0
20.14,0
20.14,0
20.15,0
20.16,0
20.16,0
20.17,0
20.17,0
20.18,0
20.19,0
20.19,0
20.20,0
20.20,0
20.21,0
20.22,0
20.22,0
20.23,0
20.23,0
20.24,0
20.25,0
20.25,0
20.26,0
20.26,0
20.27,0
20.28,0
20.28,0
20.29,0
20.29,0
20.30,0
20.31,0
20.31,0
20.32,0
20.32,0
20.33,0
20.34,0
20.34,0
20.35,0
20.35,0
20.36,0
20.37,0
20.37,0
20.38,0
20.38,0
20.39,0
20.40,0
20.40,0
20.41,0
20.42,0
20.42,0
20.43,0
20.43,0
20.44,0
20.45,0
20.45,0
20.46,0
20.46,0
20.47,0
20.48,0
20.48,0
20.49,0
20.49,0
20.50,0
20.51,0
20.51,0
20.52,0
20.52,0
20.53,0
20.54,0
20.54,0
20.55,0
20.55,0
20.56,0
20.57,0
20.57,0
20.58,0
20.58,0
20.59,0
20.60,0
20.60,0
20.61,0
20.61,0
20.62,0
20.63,0
20.63,0
20.64,0
20.64,0
20.65,0
20.66,0
20.66,0
20.67,0
20.67,0
20.68,0
20.69,0
20.69,0
20.70,0
20.71,0
20.71,0
20.72,0
20.72,0
20.73,0
20.74,0
20.74,0
20.75,0
20.75,0
20.76,0
20.77,0
20.77,0
20.78,0
20.78,0
20.79,0
20.80,0
20.80,0
20.81,0
20.81,0
20.82,0
20.83,0
20.83,0
20.84,0
20.84,0
20.85,0
20.86,0
20.86,0
20.87,0
20.87,0
20.88,0
20.89,0
20.89,0
20.90,0
20.90,0
20.91,0
20.92,0
20.92,0
20.93,0
20.93,0
20.94,0
20.95,0
20.95,0
20.96,0
20.96,0
20.97,0
20.98,0
20.98,0
20.99,0
21.00,0
21.00,0
21.01,0
21.01,0
21.02,0
21.03,0
21.03,0
21.04,0
21.04,0
21.05,0
21.06,0
21.06,0
21.07,0
21.07,0
21.08,0
21.09,0
21.09,0
21.10,0
21.10,0
21.11,0
21.12,0
21.12,0
21.13,0
21.13,0
21.14,0
21.15,0
21.15,0
21.16,0
21.16,0
21.17,0
21.18,0
21.18,0
21.19,0
21.19,0
21.20,0
21.21,0
21.21,0
21.22,0
21.22,0
21.23,0
21.24,0
21.24,0
21.25,0
21.25,0
21.26,0
21.27,0
21.27,0
21.28,0
21.29,0
21.29,0
21.30,0
21.30,0
21.31,0
21.32,0
21.32,0
21.33,0
21.33,0
21.34,0
21.35,0
21.35,0
21.36,0
21.36,0
21.37,0
21.38,0
21.38,0
21.39,0
21.39,0
21.40,0
21.41,0
21.41,0
21.42,0
21.42,0
21.43,0
21.44,0
21.44,0
21.45,0
21.45,0
21.46,0
21.47,0
21.47,0
21.48,0
21.48,0
21.49,0
21.50,0
21.50,0
21.51,0
21.51,0
21.52,0
21.53,0
21.53,0
21.54,0
21.54,0
21.55,0
21.56,0
21.56,0
21.57,0
21.58,0
21.58,0
21.59,0
21.59,0
21.60,0
21.61,0
21.61,0
21.62,0
21.62,0
21.63,0
21.64,0
21.64,0
21.65,0
21.65,0
21.66,0
21.67,0
21.67,0
21.68,0
21.68,0
21.69,0
21.70,0
21.70,0
21.71,0
21.71,0
21.72,0
21.73,0
21.73,0
21.74,0
21.74,0
21.75,0
21.76,0
21.76,0
21.77,0
21.77,0
21.78,0
21.79,0
21.79,0
21.80,0
21.80,0
21.81,0
21.82,0
21.82,0
21.83,0
21.84,0
21.84,0
21.85,0
21.85,0
21.86,0
21.87,0
21.87,0
21.88,0
21.88,0
21.89,0
21.90,0
21.90,0
21.91,0
21.91,0
21.92,0
21.93,0
21.93,0
21.94,0
21.94,0
21.95,0
21.96,0
21.96,0
21.97,0
21.97,0
21.98,0
21.99,0
21.99,0
22.00,0
22.00,0
22.01,0
22.02,0
22.02,0
22.03,0
22.03,0
22.04,0
22.05,0
22.05,0
22.06,0
22.06,0
22.07,0
22.08,0
22.08,0
22.09,0
22.09,0
22.10,0
22.11,0
22.11,0
22.12,0
22.13,0
22.13,0
22.14,0
22.14,0
22.15,0
22.16,0
22.16,0
22.17,0
22.17,0
22.18,0
22.19,0
22.19,0
22.20,0
22.20,0
22.21,0
22.22,0
22.22,0
22.23,0
22.23,0
22.24,0
22.25,0
22.25,0
22.26,0
22.26,0
22.27,0
22.28,0
22.28,0
22.29,0
22.29,0
22.30,0
22.31,0
22.31,0
22.32,0
22.32,0
22.33,0
22.34,0
22.34,0
22.35,0
22.35,0
22.36,0
22.37,0
22.37,0
22.38,0
22.38,0
22.39,0
22.40,0
22.40,0
22.41,0
22.42,0
22.42,0
22.43,0
22.43,0
22.44,0
22.45,0
22.45,0
22.46,0
22.46,0
22.47,0
22.48,0
22.48,0
22.49,0
22.49,0
22.50,0
22.51,0
22.51,0
22.52,0
22.52,0
22.53,0
22.54,0
22.54,0
22.55,0
22.55,0
22.56,0
22.57,0
22.57,0
22.58,0
22.58,0
22.59,0
22.60,0
22.60,0
22.61,0
22.61,0
22.62,0
22.63,0
22.63,0
22.64,0
22.64,0
22.65,0
22.66,0
22.66,0
22.67,0
22.67,0
22.68,0
22.69,0
22.69,0
22.70,0
22.71,0
22.71,0
22.72,0
22.72,0
22.73,0
22.74,0
22.74,0
22.75,0
22.75,0
22.76,0
22.77,0
22.77,0
22.78,0
22.78,0
22.79,0
22.80,0
22.80,0
22.81,0
22.81,0
22.82,0
22.83,0
22.83,0
22.84,0
22.84,0
22.85,0
22.86,0
22.86,0
22.87,0
22.87,0
22.88,0
22.89,0
22.89,0
22.90,0
22.90,0
22.91,0
22.92,0
22.92,0
22.93,0
22.93,0
22.94,0
22.95,0
22.95,0
22.96,0
22.96,0
22.97,0
22.98,0
22.98,0
22.99,0
23.00,0
23.00,0
23.01,0
23.01,0
23.02,0
23.03,0
23.03,0
23.04,0
23.04,0
23.05,0
23.06,0
23.06,0
23.07,0
23.07,0
23.08,0
23.09,0
23.09,0
23.10,0
23.10,0
23.11,0
23.12,0
23.12,0
23.13,0
23.13,0
23.14,0
23.15,0
23.15,0
23.16,0
23.16,0
23.17,0
23.18,0
23.18,0
23.19,0
23.19,0
23.20,0
23.21,0
23.21,0
23.22,0
23.22,0
23.23,0
23.24,0
23.24,0
23.25,0
23.25,0
23.26,0
23.27,0
23.27,0
23.28,0
23.29,0
23.29,0
23.30,0
23.30,0
23.31,0
23.32,0
23.32,0
23.33,0
23.33,0
23.34,0
23.35,0
23.35,0
23.36,0
23.36,0
23.37,0
23.38,0
23.38,0
23.39,0
23.39,0
23.40,0
23.41,0
23.41,0
23.42,0
23.42,0
23.43,0
23.44,0
23.44,0
23.45,0
23.45,0
23.46,0
23.47,0
23.47,0
23.48,0
23.48,0
23.49,0
23.50,0
23.50,0
23.51,0
23.51,0
23.52,0
23.53,0
23.53,0
23.54,0
23.54,0
23.55,0
23.56,0
23.56,0
23.57,0
23.58,0
23.58,0
23.59,0
23.59,0
23.60,0
23.61,0
23.61,0
23.62,0
23.62,0
23.63,0
23.64,0
23.64,0
23.65,0
23.65,0
23.66,0
23.67,0
23.67,0
23.68,0
23.68,0
23.69,0
23.70,0
23.70,0
23.71,0
23.71,0
23.72,0
23.73,0
23.73,0
23.74,0
23.74,0
23.75,0
23.76,0
23.76,0
23.77,0
23.77,0
23.78,0
23.79,0
23.79,0
23.80,0
23.80,0
23.81,0
23.82,0
23.82,0
23.83,0
23.83,0
23.84,0
23.85,0
23.85,0
23.86,0
23.87,0
23.87,0
23.88,0
23.88,0
23.89,0
23.90,0
23.90,0
23.91,0
23.91,0
23.92,0
23.93,0
23.93,0
23.94,0
23.94,0
23.95,0
23.96,0
23.96,0
23.97,0
23.97,0
23.98,0
23.99,0
23.99,0
24.00,0
24.00,0
24.01,0
24.02,0
24.02,0
24.03,0
24.03,0
24.04,0
24.05,0
24.05,0
24.06,0
24.06,0
24.07,0
24.08,0
24.08,0
24.09,0
24.09,0
24.10,0
24.11,0
24.11,0
24.12,0
24.12,0
24.13,0
24.14,0
24.14,0
24.15,0
24.16,0
24.16,0
24.17,0
24.17,0
24.18,0
24.19,0
24.19,0
24.20,0
24.20,0
24.21,0
24.22,0
24.22,0
24.23,0
24.23,0
24.24,0
24.25,0
24.25,0
24.26,0
24.26,0
24.27,0
24.28,0
24.28,0
24.29,0
24.29,0
24.30,0
24.31,0
24.31,0
24.32,0
24.32,0
24.33,0
24.34,0
24.34,0
24.35,0
24.35,0
24.36,0
24.37,0
24.37,0
24.38,0
24.38,0
24.39,0
24.40,0
24.40,0
24.41,0
24.41,0
24.42,0
24.43,0
24.43,0
24.44,0
24.45,0
24.45,0
24.46,0
24.46,0
24.47,0
24.48,0
24.48,0
24.49,0
24.49,0
24.50,0
24.51,0
24.51,0
24.52,0
24.52,0
24.53,0
24.54,0
24.54,0
24.55,0
24.55,0
24.56,0
24.57,0
24.57,0
24.58,0
24.58,0
24.59,0
24.60,0
24.60,0
24.61,0
24.61,0
24.62,0
24.63,0
24.63,0
24.64,0
24.64,0
24.65,0
24.66,0
24.66,0
24.67,0
24.67,0
24.68,0
24.69,0
24.69,0
24.70,0
24.70,0
24.71,0
24.72,0
24.72,0
24.73,0
24.74,0
24.74,0
24.75,0
24.75,0
24.76,0
24.77,0
24.77,0
24.78,0
24.78,0
24.79,0
24.80,0
24.80,0
24.81,0
24.81,0
24.82,0
24.83,0
24.83,0
24.84,0
24.84,0
24.85,0
24.86,0
24.86,0
24.87,0
24.87,0
24.88,0
24.89,0
24.89,0
24.90,0
24.90,0
24.91,0
24.92,0
24.92,0
24.93,0
24.93,0
24.94,0
24.95,0
24.95,0
24.96,0
24.96,0
24.97,0
24.98,0
24.98,0
24.99,0
24.99,0
25.00,0
25.01,0
25.01,0
25.02,0
25.03,0
25.03,0
25.04,0
25.04,0
25.05,0
25.06,0
25.06,0
25.07,0
25.07,0
25.08,0
25.09,0
25.09,0
25.10,0
25.10,0
25.11,0
25.12,0
25.12,0
25.13,0
25.13,0
25.14,0
25.15,0
25.15,0
25.16,0
25.16,0
25.17,0
25.18,0
25.18,0
25.19,0
25.19,0
25.20,0
25.21,0
25.21,0
25.22,0
25.22,0
25.23,0
25.24,0
25.24,0
25.25,0
25.25,0
25.26,0
25.27,0
25.27,0
25.28,0
25.28,0
25.29,0
25.30,0
25.30,0
25.31,0
25.32,0
25.32,0
25.33,0
25.33,0
25.34,0
25.35,0
25.35,0
25.36,0
25.36,0
25.37,0
25.38,0
25.38,0
25.39,0
25.39,0
25.40,0
25.41,0
25.41,0
25.42,0
25.42,0
25.43,0
25.44,0
25.44,0
25.45,0
25.45,0
25.46,0
25.47,0
25.47,0
25.48,0
25.48,0
25.49,0
25.50,0
25.50,0
25.51,0
25.51,0
25.52,0
25.53,0
25.53,0
25.54,0
25.54,0
25.55,0
25.56,0
25.56,0
25.57,0
25.57,0
25.58,0
25.59,0
25.59,0
25.60,0
25.61,0
25.61,0
25.62,0
25.62,0
25.63,0
25.64,0
25.64,0
25.65,0
25.65,0
25.66,0
25.67,0
25.67,0
25.68,0
25.68,0
25.69,0
25.70,0
25.70,0
25.71,0
25.71,0
25.72,0
25.73,0
25.73,0
25.74,0
25.74,0
25.75,0
25.76,0
25.76,0
25.77,0
25.77,0
25.78,0
25.79,0
25.79,0
25.80,0
25.80,0
25.81,0
25.82,0
25.82,0
25.83,0
25.83,0
25.84,0
25.85,0
25.85,0
25.86,0
25.86,0
25.87,0
25.88,0
25.88,0
25.89,0
25.90,0
25.90,0
25.91,0
25.91,0
25.92,0
25.93,0
25.93,0
25.94,0
25.94,0
25.95,0
25.96,0
25.96,0
25.97,0
25.97,0
25.98,0
25.99,0
25.99,0
26.00,0
26.00,0
26.01,0
26.02,0
26.02,0
26.03,0
26.03,0
26.04,0
26.05,0
26.05,0
26.06,0
26.06,0
26.07,0
26.08,0
26.08,0
26.09,0
26.09,0
26.10,0
26.11,0
26.11,0
26.12,0
26.12,0
26.13,0
26.14,0
26.14,0
26.15,0
26.16,0
26.16,0
26.17,0
26.17,0
26.18,0
26.19,0
26.19,0
26.20,0
26.20,0
26.21,0
26.22,0
26.22,0
26.23,0
26.23,0
26.24,0
26.25,0
26.25,0
26.26,0
26.26,0
26.27,0
26.28,0
26.28,0
26.29,0
26.29,0
26.30,0
26.31,0
26.31,0
26.32,0
26.32,0
26.33,0
26.34,0
26.34,0
26.35,0
26.35,0
26.36,0
26.37,0
26.37,0
26.38,0
26.38,0
26.39,0
26.40,0
26.40,0
26.41,0
26.41,0
26.42,0
26.43,0
26.43,0
26.44,0
26.45,0
26.45,0
26.46,0
26.46,0
26.47,0
26.48,0
26.48,0
26.49,0
26.49,0
26.50,0
26.51,0
26.51,0
26.52,0
26.52,0
26.53,0
26.54,0
26.54,0
26.55,0
26.55,0
26.56,0
26.57,0
26.57,0
26.58,0
26.58,0
26.59,0
26.60,0
26.60,0
26.61,0
26.61,0
26.62,0
26.63,0
26.63,0
26.64,0
26.64,0
26.65,0
26.66,0
26.66,0
26.67,0
26.67,0
26.68,0
26.69,0
26.69,0
26.70,0
26.70,0
26.71,0
26.72,0
26.72,0
26.73,0
26.74,0
26.74,0
26.75,0
26.75,0
26.76,0
26.77,0
26.77,0
26.78,0
26.78,0
26.79,0
26.80,0
26.80,0
26.81,0
26.81,0
26.82,0
26.83,0
26.83,0
26.84,0
26.84,0
26.85,0
26.86,0
26.86,0
26.87,0
26.87,0
26.88,0
26.89,0
26.89,0
26.90,0
26.90,0
26.91,0
26.92,0
26.92,0
26.93,0
26.93,0
26.94,0
26.95,0
26.95,0
26.96,0
26.96,0
26.97,0
26.98,0
26.98,0
26.99,0
26.99,0
27.00,0
27.01,0
27.01,0
27.02,0
27.03,0
27.03,0
27.04,0
27.04,0
27.05,0
27.06,0
27.06,0
27.07,0
27.07,0
27.08,0
27.09,0
27.09,0
27.10,0
27.10,0
27.11,0
27.12,0
27.12,0
27.13,0
27.13,0
27.14,0
27.15,0
27.15,0
27.16,0
27.16,0
27.17,0
27.18,0
27.18,0
27.19,0
27.19,0
27.20,0
27.21,0
27.21,0
27.22,0
27.22,0
27.23,0
27.24,0
27.24,0
27.25,0
27.25,0
27.26,0
27.27,0
27.27,0
27.28,0
27.28,0
27.29,0
27.30,0
27.30,0
27.31,0
27.32,0
27.32,0
27.33,0
27.33,0
27.34,0
27.35,0
27.35,0
27.36,0
27.36,0
27.37,0
27.38,0
27.38,0
27.39,0
27.39,0
27.40,0
27.41,0
27.41,0
27.42,0
27.42,0
27.43,0
27.44,0
27.44,0
27.45,0
27.45,0
27.46,0
27.47,0
27.47,0
27.48,0
27.48,0
27.49,0
27.50,0
27.50,0
27.51,0
27.51,0
27.52,0
27.53,0
27.53,0
27.54,0
27.54,0
27.55,0
27.56,0
27.56,0
27.57,0
27.57,0
27.58,0
27.59,0
27.59,0
27.60,0
27.61,0
27.61,0
27.62,0
27.62,0
27.63,0
27.64,0
27.64,0
27.65,0
27.65,0
27.66,0
27.67,0
27.67,0
27.68,0
27.68,0
27.69,0
27.70,0
27.70,0
27.71,0
27.71,0
27.72,0
27.73,0
27.73,0
27.74,0
27.74,0
27.75,0
27.76,0
27.76,0
27.77,0
27.77,0
27.78,0
27.79,0
27.79,0
27.80,0
27.80,0
27.81,0
27.82,0
27.82,0
27.83,0
27.83,0
27.84,0
27.85,0
27.85,0
27.86,0
27.86,0
27.87,0
27.88,0
27.88,0
27.89,0
27.90,0
27.90,0
27.91,0
27.91,0
27.92,0
27.93,0
27.93,0
27.94,0
27.94,0
27.95,0
27.96,0
27.96,0
27.97,0
27.97,0
27.98,0
27.99,0
27.99,0
28.00,0
28.00,0
28.01,0
28.02,0
28.02,0
28.03,0
28.03,0
28.04,0
28.05,0
28.05,0
28.06,0
28.06,0
28.07,0
28.08,0
28.08,0
28.09,0
28.09,0
28.10,0
28.11,0
28.11,0
28.12,0
28.12,0
28.13,0
28.14,0
28.14,0
28.15,0
28.15,0
28.16,0
28.17,0
28.17,0
28.18,0
28.19,0
28.19,0
28.20,0
28.20,0
28.21,0
28.22,0
28.22,0
28.23,0
28.23,0
28.24,0
28.25,0
28.25,0
28.26,0
28.26,0
28.27,0
28.28,0
28.28,0
28.29,0
28.29,0
28.30,0
28.31,0
28.31,0
28.32,0
28.32,0
28.33,0
28.34,0
28.34,0
28.35,0
28.35,0
28.36,0
28.37,0
28.37,0
28.38,0
28.38,0
28.39,0
28.40,0
28.40,0
28.41,0
28.41,0
28.42,0
28.43,0
28.43,0
28.44,0
28.44,0
28.45,0
28.46,0
28.46,0
28.47,0
28.48,0
28.48,0
28.49,0
28.49,0
28.50,0
28.51,0
28.51,0
28.52,0
28.52,0
28.53,0
28.54,0
28.54,0
28.55,0
28.55,0
28.56,0
28.57,0
28.57,0
28.58,0
28.58,0
28.59,0
28.60,0
28.60,0
28.61,0
28.61,0
28.62,0
28.63,0
28.63,0
28.64,0
28.64,0
28.65,0
28.66,0
28.66,0
28.67,0
28.67,0
28.68,0
28.69,0
28.69,0
28.70,0
28.70,0
28.71,0
28.72,0
28.72,0
28.73,0
28.73,0
28.74,0
28.75,0
28.75,0
28.76,0
28.77,0
28.77,0
28.78,0
28.78,0
28.79,0
28.80,0
28.80,0
28.81,0
28.81,0
28.82,0
28.83,0
28.83,0
28.84,0
28.84,0
28.85,0
28.86,0
28.86,0
28.87,0
28.87,0
28.88,0
28.89,0
28.89,0
28.90,0
28.90,0
28.91,0
28.92,0
28.92,0
28.93,0
28.93,0
28.94,0
28.95,0
28.95,0
28.96,0
28.96,0
28.97,0
28.98,0
28.98,0
28.99,0
28.99,0
29.00,0
29.01,0
29.01,0
29.02,0
29.02,0
29.03,0
29.04,0
29.04,0
29.05,0
29.06,0
29.06,0
29.07,0
29.07,0
29.08,0
29.09,0
29.09,0
29.10,0
29.10,0
29.11,0
29.12,0
29.12,0
29.13,0
29.13,0
29.14,0
29.15,0
29.15,0
29.16,0
29.16,0
29.17,0
29.18,0
29.18,0
29.19,0
29.19,0
29.20,0
29.21,0
29.21,0
29.22,0
29.22,0
29.23,0
29.24,0
29.24,0
29.25,0
29.25,0
29.26,0
29.27,0
29.27,0
29.28,0
29.28,0
29.29,0
29.30,0
29.30,0
29.31,0
29.31,0
29.32,0
29.33,0
29.33,0
29.34,0
29.35,0
29.35,0
29.36,0
29.36,0
29.37,0
29.38,0
29.38,0
29.39,0
29.39,0
29.40,0
29.41,0
29.41,0
29.42,0
29.42,0
29.43,0
29.44,0
29.44,0
29.45,0
29.45,0
29.46,0
29.47,0
29.47,0
29.48,0
29.48,0
29.49,0
29.50,0
29.50,0
29.51,0
29.51,0
29.52,0
29.53,0
29.53,0
29.54,0
29.54,0
29.55,0
29.56,0
29.56,0
29.57,0
29.57,0
29.58,0
29.59,0
29.59,0
29.60,0
29.60,0
29.61,0
29.62,0
29.62,0
29.63,0
29.64,0
29.64,0
29.65,0
29.65,0
29.66,0
29.67,0
29.67,0
29.68,0
29.68,0
29.69,0
29.70,0
29.70,0
29.71,0
29.71,0
29.72,0
29.73,0
29.73,0
29.74,0
29.74,0
29.75,0
29.76,0
29.76,0
29.77,0
29.77,0
29.78,0
29.79,0
29.79,0
29.80,0
29.80,0
29.81,0
29.82,0
29.82,0
29.83,0
29.83,0
29.84,0
29.85,0
29.85,0
29.86,0
29.86,0
29.87,0
29.88,0
29.88,0
29.89,0
29.89,0
29.90,0
29.91,0
29.91,0
29.92,0
29.93,0
29.93,0
29.94,0
29.94,0
29.95,0
29.96,0
29.96,0
29.97,0
29.97,0
29.98,0
29.99,0
29.99,0
30.00,0
30.00,0
30.01,0
30.02,0
30.02,0
30.03,0
30.03,0
30.04,0
30.05,0
30.05,0
30.06,0
30.06,0
30.07,0
30.08,0
30.08,0
30.09,0
30.09,0
30.10,0
30.11,0
30.11,0
30.12,0
30.12,0
30.13,0
30.14,0
30.14,0
30.15,0
30.15,0
30.16,0
30.17,0
30.17,0
30.18,0
30.18,0
30.19,0
30.20,0
30.20,0
30.21,0
30.22,0
30.22,0
30.23,0
30.23,0
30.24,0
30.25,0
30.25,0
30.26,0
30.26,0
30.27,0
30.28,0
30.28,0
30.29,0
30.29,0
30.30,0
30.31,0
30.31,0
30.32,0
30.32,0
30.33,0
30.34,0
30.34,0
30.35,0
30.35,0
30.36,0
30.37,0
30.37,0
30.38,0
30.38,0
30.39,0
30.40,0
30.40,0
30.41,0
30.41,0
30.42,0
30.43,0
30.43,0
30.44,0
30.44,0
30.45,0
30.46,0
30.46,0
30.47,0
30.48,0
30.48,0
30.49,0
30.49,0
30.50,0
30.51,0
30.51,0
30.52,0
30.52,0
30.53,0
30.54,0
30.54,0
30.55,0
30.55,0
30.56,0
30.57,0
30.57,0
30.58,0
30.58,0
30.59,0
30.60,0
30.60,0
30.61,0
30.61,0
30.62,0
30.63,0
30.63,0
30.64,0
30.64,0
30.65,0
30.66,0
30.66,0
30.67,0
30.67,0
30.68,0
30.69,0
30.69,0
30.70,0
30.70,0
30.71,0
30.72,0
30.72,0
30.73,0
30.73,0
30.74,0
30.75,0
30.75,0
30.76,0
30.77,0
30.77,0
30.78,0
30.78,0
30.79,0
30.80,0
30.80,0
30.81,0
30.81,0
30.82,0
30.83,0
30.83,0
30.84,0
30.84,0
30.85,0
30.86,0
30.86,0
30.87,0
30.87,0
30.88,0
30.89,0
30.89,0
30.90,0
30.90,0
30.91,0
30.92,0
30.92,0
30.93,0
30.93,0
30.94,0
30.95,0
30.95,0
30.96,0
30.96,0
30.97,0
30.98,0
30.98,0
30.99,0
30.99,0
31.00,0
31.01,0
31.01,0
31.02,0
31.02,0
31.03,0
31.04,0
31.04,0
31.05,0
31.06,0
31.06,0
31.07,0
31.07,0
31.08,0
31.09,0
31.09,0
31.10,0
31.10,0
31.11,0
31.12,0
31.12,0
31.13,0
31.13,0
31.14,0
31.15,0
31.15,0
31.16,0
31.16,0
31.17,0
31.18,0
31.18,0
31.19,0
31.19,0
31.20,0
31.21,0
31.21,0
31.22,0
31.22,0
31.23,0
31.24,0
31.24,0
31.25,0
31.25,0
31.26,0
31.27,0
31.27,0
31.28,0
31.28,0
31.29,0
31.30,0
31.30,0
31.31,0
31.31,0
31.32,0
31.33,0
31.33,0
31.34,0
31.35,0
31.35,0
31.36,0
31.36,0
31.37,0
31.38,0
31.38,0
31.39,0
31.39,0
31.40,0
31.41,0
31.41,0
31.42,0
31.42,0
31.43,0
31.44,0
31.44,0
31.45,0
31.45,0
31.46,0
31.47,0
31.47,0
31.48,0
31.48,0
31.49,0
31.50,0
31.50,0
31.51,0
31.51,0
31.52,0
31.53,0
31.53,0
31.54,0
31.54,0
31.55,0
31.56,0
31.56,0
31.57,0
31.57,0
31.58,0
31.59,0
31.59,0
31.60,0
31.60,0
31.61,0
31.62,0
31.62,0
31.63,0
31.64,0
31.64,0
31.65,0
31.65,0
31.66,0
31.67,0
31.67,0
31.68,0
31.68,0
31.69,0
31.70,0
31.70,0
31.71,0
31.71,0
31.72,0
31.73,0
31.73,0
31.74,0
31.74,0
31.75,0
31.76,0
31.76,0
31.77,0
31.77,0
31.78,0
31.79,0
31.79,0
31.80,0
31.80,0
31.81,0
31.82,0
31.82,0
31.83,0
31.83,0
31.84,0
31.85,0
31.85,0
31.86,0
31.86,0
31.87,0
31.88,0
31.88,0
31.89,0
31.89,0
31.90,0
31.91,0
31.91,0
31.92,0
31.93,0
31.93,0
31.94,0
31.94,0
31.95,0
31.96,0
31.96,0
31.97,0
31.97,0
31.98,0
31.99,0
31.99,0
32.00,0
32.00,0
32.01,0
32.02,0
32.02,0
32.03,0
32.03,0
32.04,0
32.05,0
32.05,0
32.06,0
32.06,0
32.07,0
32.08,0
32.08,0
32.09,0
32.09,0
32.10,0
32.11,0
32.11,0
32.12,0
32.12,0
32.13,0
32.14,0
32.14,0
32.15,0
32.15,0
32.16,0
32.17,0
32.17,0
32.18,0
32.18,0
32.19,0
32.20,0
32.20,0
32.21,0
32.22,0
32.22,0
32.23,0
32.23,0
32.24,0
32.25,0
32.25,0
32.26,0
32.26,0
32.27,0
32.28,0
32.28,0
32.29,0
32.29,0
32.30,0
32.31,0
32.31,0
32.32,0
32.32,0
32.33,0
32.34,0
32.34,0
32.35,0
32.35,0
32.36,0
32.37,0
32.37,0
32.38,0
32.38,0
32.39,0
32.40,0
32.40,0
32.41,0
32.41,0
32.42,0
32.43,0
32.43,0
32.44,0
32.44,0
32.45,0
32.46,0
32.46,0
32.47,0
32.47,0
32.48,0
32.49,0
32.49,0
,
Selected Scan,
